Name,D,scr_glob_mean,scr_glob_std,fsr_glob_mean,fsr_glob_std,corr_obj_min_glob_mean,corr_obj_min_glob_std,corr_obj_max_glob_mean,corr_obj_max_glob_std,corr_obj_range_glob_mean,corr_obj_range_glob_std,skew_avg_glob_mean,skew_avg_glob_std,skew_min_glob_mean,skew_min_glob_std,skew_max_glob_mean,skew_max_glob_std,skew_rnge_glob_mean,skew_rnge_glob_std,kurt_avg_glob_mean,kurt_avg_glob_std,kurt_min_glob_mean,kurt_min_glob_std,kurt_max_glob_mean,kurt_max_glob_std,kurt_rnge_glob_mean,kurt_rnge_glob_std,mean_uc_rk_glob_mean,mean_uc_rk_glob_std,std_uc_rk_glob_mean,std_uc_rk_glob_std,min_uc_rk_glob_mean,min_uc_rk_glob_std,max_uc_rk_glob_mean,max_uc_rk_glob_std,skew_uc_rk_glob_mean,skew_uc_rk_glob_std,kurt_uc_rk_glob_mean,kurt_uc_rk_glob_std,mean_cv_glob_mean,mean_cv_glob_std,std_cv_glob_mean,std_cv_glob_std,min_cv_glob_mean,min_cv_glob_std,max_cv_glob_mean,max_cv_glob_std,skew_cv_glob_mean,skew_cv_glob_std,kurt_cv_glob_mean,kurt_cv_glob_std,piz_ob_min_glob_mean,piz_ob_min_glob_std,piz_ob_max_glob_mean,piz_ob_max_glob_std,piz_ob_f_glob_mean,piz_ob_f_glob_std,PFd_glob_mean,PFd_glob_std,PFCV_glob_mean,PFCV_glob_std,PS_dist_max_glob_mean,PS_dist_max_glob_std,PS_dist_mean_glob_mean,PS_dist_mean_glob_std,PS_dist_iqr_glob_mean,PS_dist_iqr_glob_std,PF_dist_max_glob_mean,PF_dist_max_glob_std,PF_dist_mean_glob_mean,PF_dist_mean_glob_std,PF_dist_iqr_glob_mean,PF_dist_iqr_glob_std,hv_est_glob_mean,hv_est_glob_std,uhv_est_glob_mean,uhv_est_glob_std,hv_uhv_n_glob_mean,hv_uhv_n_glob_std,GD_cpo_upo_glob_mean,GD_cpo_upo_glob_std,upo_n_glob_mean,upo_n_glob_std,po_n_glob_mean,po_n_glob_std,cpo_upo_n_glob_mean,cpo_upo_n_glob_std,cover_cpo_upo_n_glob_mean,cover_cpo_upo_n_glob_std,dist_c_corr_glob_mean,dist_c_corr_glob_std,corr_obj_cv_min_glob_mean,corr_obj_cv_min_glob_std,corr_obj_cv_max_glob_mean,corr_obj_cv_max_glob_std,corr_obj_uc_rk_min_glob_mean,corr_obj_uc_rk_min_glob_std,corr_obj_uc_rk_max_glob_mean,corr_obj_uc_rk_max_glob_std,corr_cv_ranks_glob_mean,corr_cv_ranks_glob_std,rk_uc_mdl_r2_glob_mean,rk_uc_mdl_r2_glob_std,rk_uc_range_coeff_glob_mean,rk_uc_range_coeff_glob_std,cv_mdl_r2_glob_mean,cv_mdl_r2_glob_std,cv_range_coeff_glob_mean,cv_range_coeff_glob_std,H_max_glob_mean,H_max_glob_std,eps_s_glob_mean,eps_s_glob_std,m0_glob_mean,m0_glob_std,eps05_glob_mean,eps05_glob_std,scr_rw_mean,scr_rw_std,ncr_avg_rw_mean,ncr_avg_rw_std,ncr_r1_rw_mean,ncr_r1_rw_std,dist_x_avg_rw_mean,dist_x_avg_rw_std,dist_x_r1_rw_mean,dist_x_r1_rw_std,dist_f_avg_rw_mean,dist_f_avg_rw_std,dist_f_r1_rw_mean,dist_f_r1_rw_std,dist_c_avg_rw_mean,dist_c_avg_rw_std,dist_c_r1_rw_mean,dist_c_r1_rw_std,dist_f_c_avg_rw_mean,dist_f_c_avg_rw_std,dist_f_c_r1_rw_mean,dist_f_c_r1_rw_std,dist_f_dist_x_avg_rw_mean,dist_f_dist_x_avg_rw_std,dist_f_dist_x_r1_rw_mean,dist_f_dist_x_r1_rw_std,dist_c_dist_x_avg_rw_mean,dist_c_dist_x_avg_rw_std,dist_c_dist_x_r1_rw_mean,dist_c_dist_x_r1_rw_std,dist_f_c_dist_x_avg_rw_mean,dist_f_c_dist_x_avg_rw_std,dist_f_c_dist_x_r1_rw_mean,dist_f_c_dist_x_r1_rw_std,uhv_ss_avg_rw_mean,uhv_ss_avg_rw_std,uhv_ss_r1_rw_mean,uhv_ss_r1_rw_std,nuhv_avg_rw_mean,nuhv_avg_rw_std,nuhv_r1_rw_mean,nuhv_r1_rw_std,uhvd_avg_rw_mean,uhvd_avg_rw_std,uhvd_r1_rw_mean,uhvd_r1_rw_std,hv_ss_avg_rw_mean,hv_ss_avg_rw_std,hv_ss_r1_rw_mean,hv_ss_r1_rw_std,nhv_avg_rw_mean,nhv_avg_rw_std,nhv_r1_rw_mean,nhv_r1_rw_std,hvd_avg_rw_mean,hvd_avg_rw_std,hvd_r1_rw_mean,hvd_r1_rw_std,bhv_avg_rw_mean,bhv_avg_rw_std,bhv_r1_rw_mean,bhv_r1_rw_std,nrfbx_rw_mean,nrfbx_rw_std,nncv_avg_rw_mean,nncv_avg_rw_std,nncv_r1_rw_mean,nncv_r1_rw_std,ncv_avg_rw_mean,ncv_avg_rw_std,ncv_r1_rw_mean,ncv_r1_rw_std,bncv_avg_rw_mean,bncv_avg_rw_std,bncv_r1_rw_mean,bncv_r1_rw_std,sup_avg_rw_mean,sup_avg_rw_std,sup_r1_rw_mean,sup_r1_rw_std,inf_avg_rw_mean,inf_avg_rw_std,inf_r1_rw_mean,inf_r1_rw_std,inc_avg_rw_mean,inc_avg_rw_std,inc_r1_rw_mean,inc_r1_rw_std,lnd_avg_rw_mean,lnd_avg_rw_std,lnd_r1_rw_mean,lnd_r1_rw_std,nfronts_avg_rw_mean,nfronts_avg_rw_std,nfronts_r1_rw_mean,nfronts_r1_rw_std,H_max_rw_mean,H_max_rw_std,eps_s_rw_mean,eps_s_rw_std,m0_rw_mean,m0_rw_std,eps05_rw_mean,eps05_rw_std,sup_avg_aw_mean,sup_avg_aw_std,inf_avg_aw_mean,inf_avg_aw_std,inc_avg_aw_mean,inc_avg_aw_std,lnd_avg_aw_mean,lnd_avg_aw_std,uhv_ss_avg_aw_mean,uhv_ss_avg_aw_std,nuhv_avg_aw_mean,nuhv_avg_aw_std,uhvd_avg_aw_mean,uhvd_avg_aw_std,hv_ss_avg_aw_mean,hv_ss_avg_aw_std,nhv_avg_aw_mean,nhv_avg_aw_std,hvd_avg_aw_mean,hvd_avg_aw_std,bhv_avg_aw_mean,bhv_avg_aw_std,length_avg_aw_mean,length_avg_aw_std
LIRCMOP13_d20,20,0.0,0.0,0.0577226666666666,0.0022755027771657,-0.5989268643605431,0.0037435266146729,0.8803060758092933,0.0013003613244626,-1.4792329401698368,0.0036292777056489,-0.2929654879682822,0.0059189698891494,-0.6176239615694824,0.0098029528148238,-0.0944271539904442,0.0065016704963436,0.5231968075790382,0.0093313150668974,-0.7489771513928619,0.0103543297022053,-0.9540397180629828,0.0081898808937388,-0.6234865238493381,0.024482866584024,0.3305531942136446,0.0283316171540487,19.244304,0.2420784149760843,13.89159705710644,0.2755009974181069,1.0,0.0,68.86666666666666,2.5263060428661888,0.8380799582508118,0.0432256425266236,0.0943844942348661,0.1382156296651099,0.7424425752648512,0.0025239186400087,0.2984468911590121,0.0021017143413497,0.0,0.0,0.9999999873490196,2.6865869470142248e-08,-1.304147824919896,0.0182201729543115,0.5772416853085672,0.0617697113697549,0.0036826666666666,0.0009680734591043,0.03456,0.001676567922871,0.020608,0.0008921292050586,0.2294814119557209,0.0016481796353183,0.7697911314350461,0.0162210709640184,2.590989285920722,0.0711072587271746,1.7141849842878736,0.0219610639964483,0.3515082224504581,0.0143884889822969,0.914741350092076,0.0566879025718361,0.2874529503369526,0.0139887082475678,0.3257357496777233,0.0271536632362826,0.6498521138919275,0.0086397647327144,0.6901118963312308,0.0041207254084236,0.9416944025345942,0.0135988948715489,0.0122465966051432,0.0024131337063273,0.0280159999999999,0.0013600627436506,0.0081226666666666,0.0007049488555128,0.2902154335338893,0.0247774674277886,0.0998761268231986,0.0207002240358074,0.1586641470792731,0.049767782638918,-0.0088012679506746,0.010961166935585,0.0167095235664866,0.014249985630171,0.0,0.0,0.7943077551950466,0.0073503972836737,0.959803511452376,0.0032747130142118,0.7908609170468248,0.0071930315903405,-34.326671965233835,0.5405294667633015,0.0330697064875163,0.0037900298302015,-0.2033526916923255,0.0339841877269243,0.8022569792397596,0.0031808049576687,0.7904571237904564,0.0084675192128458,0.6026404224675949,0.0034874569018769,0.1037704371037703,0.0136109963659467,0.0,0.0,0.0,0.0,0.0,0.0,0.025623501082625,2.6280497550480025e-06,0.0364531353196884,0.0084476550104046,0.0057048358850686,9.071142112803611e-06,0.8759888178158116,0.0105895889881021,0.0060190554794391,0.0001928991820074,0.9624656357193656,0.0026898342940343,0.0095712407810048,0.0001565409482361,0.9295034456500588,0.0036987368069671,0.2227264083150861,0.0003552626407111,0.8830733450083349,0.0101257080000926,0.2349217356821337,0.0075328552400675,0.962933993162538,0.0026727515527172,0.3736298007793913,0.0061128183891919,0.9321125824822816,0.0036606290003949,0.2100570634381545,0.0012728623735506,0.9992127635717776,4.7016075127468765e-05,0.216923955941633,0.0012833132848542,0.9989647633517827,7.373251159211834e-05,0.0068668925034785,2.926222577830763e-05,0.8021542050635071,0.0201250034165244,0.210541993267305,0.0144490935294744,0.9329903214387092,0.038415733796045,0.2187136791474197,0.0147971808865015,0.9062040868487526,0.0496431589448159,0.0081716858801146,0.0004567973657362,0.3936020746482677,0.0846354684222374,0.2187136791474197,0.0147971808865015,0.9062040868487526,0.0496431589448159,0.0368783076349466,0.0201370575374478,0.6556258015775929,0.0171678777574708,0.9941272742548766,0.0001571885334895,0.6555651475832215,0.0171767905375307,0.993771120526022,0.0001327259559914,0.639249201704421,0.0174797511809783,0.99292227096091,0.0001729134767558,0.4688433739837399,0.0021382493586073,0.1673698044866605,0.015772624619782,0.4878872357723577,0.0018464021623699,0.0627658884858638,0.0122939572536461,0.0676596341463414,0.003539049482886,0.5312276820191679,0.0898789755583827,0.024390243902439,3.469446951953614e-18,0.0,0.0,0.8858211382113815,0.0080268886832141,0.5728721785858102,0.0961236304954743,0.3955362416639031,0.0108218616185655,0.9871204537871198,0.0229441618918079,0.1411840347361389,0.0065117860611573,-0.3069402736069401,0.0428209175975054,0.4817303812102282,0.0092705998825722,0.4494735334649116,0.0053351552137984,0.0931863292272992,0.0099556910763607,0.024390243902439,7.194398324766773e-18,0.2337543543079828,0.0090583790792092,0.2413075623665766,0.009243909069244,0.0075532080585938,0.0002294215865673,0.2411098554635664,0.0086033603845125,0.2483152355789119,0.0087599103492486,0.0072053801153454,0.0002231928422366,0.2483151822159374,0.0087599276419757,112.83533333333337,7.289756161140708
LIRCMOP14_d20,20,0.0,0.0,0.0563653333333333,0.0022820513189282,-0.5989268643605431,0.0037435266146729,0.8803060758092933,0.0013003613244626,-1.4792329401698368,0.0036292777056489,-0.2929654879682822,0.0059189698891494,-0.6176239615694824,0.0098029528148238,-0.0944271539904442,0.0065016704963436,0.5231968075790382,0.0093313150668974,-0.7489771513928619,0.0103543297022053,-0.9540397180629828,0.0081898808937388,-0.6234865238493381,0.024482866584024,0.3305531942136446,0.0283316171540487,19.244304,0.2420784149760843,13.89159705710644,0.2755009974181069,1.0,0.0,68.86666666666666,2.5263060428661888,0.8380799582508118,0.0432256425266236,0.0943844942348661,0.1382156296651099,0.7424514638970917,0.0025242718704502,0.298424893606877,0.0021017214239195,0.0,0.0,0.9999999873490196,2.6865869470142248e-08,-1.303978393029546,0.0182104740787526,0.5766458841196428,0.0617316395833622,0.0036826666666666,0.0009680734591043,0.03456,0.001676567922871,0.020608,0.0008921292050586,0.2320229604160489,0.0016154646207493,0.7646475493712768,0.016015480103535,2.590989285920722,0.0711072587271746,1.7132791701118582,0.0225502844787966,0.3504625169760134,0.0127251914555448,0.911724425439726,0.0567163930756659,0.2862654906502494,0.014011127781495,0.3240613539071262,0.0270403137422262,0.6525222059932066,0.0087094265678599,0.6927658425345349,0.0041569112542509,0.9419413250177254,0.0136437445798864,0.0122166523949156,0.0023948413656575,0.0280159999999999,0.0013600627436506,0.0081199999999999,0.000707370718459,0.2901204667722558,0.0248684677015671,0.0997811600615651,0.0206549489680223,0.1573400191664056,0.050785146675136,-0.0087878384034636,0.0109449726526793,0.0179897958326701,0.0136101135581497,0.0,0.0,0.7943059788114792,0.0073515715889786,0.9596381468940532,0.0032888828573659,0.7908602465545146,0.0071935346081024,-34.32679215495519,0.540563166959464,0.033107167394924,0.0037910631274147,-0.2033381796286604,0.0339702807207768,0.8016849694845235,0.0026479929040757,0.7897897897897891,0.008008008008008,0.6013708860084281,0.0039792425764714,0.105105105105105,0.0103382938837702,0.0,0.0,0.0,0.0,0.0,0.0,0.025623501082625,2.6280497550480025e-06,0.0364531353196884,0.0084476550104046,0.0056937675828937,9.103270591010636e-06,0.8758988802830887,0.0105986266656111,0.0060256515568579,0.0001927230838649,0.961117226601396,0.002683580050994,0.0095637862428679,0.000156606646039,0.9295162492753274,0.0037169994028886,0.2222943204879164,0.0003565874779068,0.8829614855336296,0.0101343350784193,0.2351791812769122,0.0075261508285455,0.9615856740789076,0.0026658972196247,0.3733387380747128,0.0061154070803346,0.9321127768851016,0.003671783507455,0.2117996364959868,0.0012840934432398,0.9992157087772766,4.624100608513621e-05,0.2186936169591256,0.0012946770677356,0.9989703133401264,7.372354776418455e-05,0.0068939804631387,2.938623787547829e-05,0.8034176733047516,0.019677696800191,0.2114301384457203,0.0148603129974412,0.9334160755606984,0.038538033222777,0.2196183241435974,0.015220118818799,0.906335677827998,0.0498247743808296,0.008188185697877,0.0004647775756802,0.3912932794689699,0.0843068370900587,0.2196183241435974,0.015220118818799,0.906335677827998,0.0498247743808296,0.0382716574646425,0.0201670812637896,0.6556973175735,0.0171712529553986,0.9934226510090196,0.0002078543271726,0.6556366707879154,0.0171801989273265,0.9927482138950734,0.000163451977497,0.6393034306037088,0.0174829966933585,0.9917130618652326,0.0001910754934965,0.4710728861788619,0.0023372527918607,0.1688106148612308,0.0160835853911064,0.4883306504065041,0.0020007543623281,0.0614194481656618,0.0123337075952944,0.0649867073170731,0.0039014042752904,0.5352486623474533,0.0900635855787228,0.024390243902439,3.469446951953614e-18,0.0,0.0,0.8953146747967478,0.008313070660806,0.5749193319749267,0.0961311854614214,0.4012279238028536,0.0108526943008396,0.9871204537871198,0.0229441618918079,0.1433667334669338,0.0063564841916647,-0.3142475809142474,0.0389764762533176,0.4807495748850346,0.0076937118138684,0.4503855936417747,0.0053396877374574,0.0932550753756298,0.0092164807896455,0.024390243902439,6.851608744991128e-18,0.2359626937822551,0.0076946150479385,0.2435415599633649,0.0078588795343244,0.0075788661811097,0.0002140502842474,0.2436858332362189,0.0067766187124061,0.250912016253813,0.0069084643381972,0.0072261830175941,0.0002057855404481,0.2509119943515026,0.0069084785789423,114.45366666666668,8.838216442749573
LIRCMOP1_d30,30,0.0,0.0,0.0,0.0,-0.26456368445892,0.0041475567580505,-0.26456368445892,0.0041475567580505,0.0,0.0,0.6295311683743193,0.0087414835720384,0.6201842035758691,0.0102887188589795,0.6388781331727696,0.0125099262967364,0.0186939295969004,0.0148006028004581,-0.4550136136136867,0.0251036938475248,-0.477422771439878,0.0235925164271024,-0.4326044557874953,0.0352294463327208,0.0448183156523825,0.0327820020954376,81.2765688888889,0.9973893348408734,47.125625251029774,0.717687627464806,1.0,0.0,194.3,4.075536774462967,0.3531879782245042,0.0222727433243623,-0.9061716455361442,0.0326820933978301,0.158430857969037,0.000549832149704,0.1253204718553789,0.0008835059821476,0.0012038551588673,0.0005062847316016,0.9313629921111553,0.0681827732793452,1.2259275264228908,0.0246733159093176,1.5617814137833854,0.1260448477368975,0.4039955555555554,0.0178441394743553,0.4217133333333333,0.0230465303888234,0.1478333333333333,0.0035939249152279,0.0457141093122428,0.0065305701101297,0.0046919886190817,0.0003799257667569,,,,,,,,,,,,,1.0157335950722206,0.0179098833734827,1.13717622533001,0.0072505019084641,0.8932385570022163,0.0164965715412648,0.0001971960140869,0.001061933035168,0.0011711111111111,0.0002741631486884,6.666666666666667e-05,0.0,0.061428301131323,0.0223180770084845,0.0600394122424341,0.0246765343687039,0.2967262053389312,0.0292591232286824,0.0,0.0,0.5847493677613156,0.0043818309557464,0.0,0.0,0.5897688835348975,0.0092803069695294,0.9994905742287816,0.0002494783016448,0.0102644826312436,0.0022338303700501,-5.261235122934118,1.7476690955163394,0.1115013699019965,0.0063082143275464,-1.208258819702148,0.2125359302212212,0.8409358876513842,0.0022704796847441,1.4270937604270937,0.0062956163710755,0.6229386140374272,0.0034325538191475,0.7957957957957951,0.01001001001001,0.0,0.0,0.0,0.0,0.0,0.0,0.0314378102748223,1.5703451349513125e-06,0.077955587464552,0.0087908465069935,0.0062970395954466,4.2774302582368985e-05,0.928971751831992,0.0039674001168542,0.0035748559885864,6.933380186408951e-05,0.9799961584430116,0.0013146468882068,0.0075523449621481,7.303647652514576e-05,0.940456852791335,0.0031853984511307,0.200374329078119,0.0013654576807554,0.9309246319265156,0.0039342461558264,0.1138590146179813,0.0022135905964721,0.9803773017907684,0.001298616671806,0.2403758301445071,0.0023335731479765,0.9421335056499384,0.0031480451665954,0.6537870771600873,0.0035437217420044,0.9991366594904172,5.538268248837725e-05,0.6676187895357875,0.003504648321666,0.9990306321231268,8.203828586234809e-05,0.0138317123757001,7.119953203844998e-05,0.770760185678779,0.0119098199442475,,,,,,,,,,,,,,,,,0.0,0.0,0.1629575440737509,0.0035677636652391,0.9990271015036412,6.234877949247497e-05,0.1629905220373664,0.0035711178381213,0.9990447861355009,5.903377807298097e-05,0.1548645303220936,0.0034294336124957,0.9989682648675008,8.848562505011718e-05,0.5001967213114753,0.0003904363490579,0.0394781719190411,0.0075092237392596,0.4998032786885247,0.000390436349058,0.0394781719190411,0.0075092237392596,0.0163934426229508,3.469446951953614e-18,0.0,0.0,0.0163934426229508,3.469446951953614e-18,0.0,0.0,1.016392550091074,9.72240884854619e-07,0.001108881087712,0.0041490531128939,0.4227820321561524,0.0074821291321083,1.776209926401497,0.0185472966985295,0.1245379648185259,0.0059949616445396,0.3942164386608829,0.0338550332913803,0.6110213332235332,0.0016151185216889,0.3888360291325504,0.0016116421726125,0.0165360802668673,1.4789733143423215e-05,0.0163934426229508,5.374844106186573e-18,0.9011671206537758,0.0033448281087747,0.9144977302761548,0.0032781039591068,0.0133306096223789,0.0001357733053585,0.9925675718898076,0.0196355290403444,0.9931001043264872,0.0196611727899411,0.00053253243668,4.33314524352689e-05,0.9930654998009584,0.019660802274786,227.6775555555556,3.880717567603468
LIRCMOP2_d30,30,0.0,0.0,0.0,0.0,-0.2002590454358179,0.0041438621810937,-0.2002590454358179,0.0041438621810937,0.0,0.0,0.6367290103054394,0.008759923948249,0.629332257236695,0.0091545911797173,0.6441257633741838,0.0106600753191159,0.0147935061374889,0.0093777620271329,-0.4441678400099498,0.0253871441330067,-0.4645333725769883,0.0237277627144892,-0.4238023074429113,0.0337562392441851,0.0407310651340769,0.028756781352775,84.60061777777779,1.0289913123389984,49.01676216764788,0.8972102366982825,1.0,0.0,200.76666666666668,4.462311309424996,0.3416645193703357,0.0234740705690465,-0.93209425651161,0.0300010511641713,0.158430857969037,0.000549832149704,0.1253204718553789,0.0008835059821476,0.0012038551588673,0.0005062847316016,0.9313629921111553,0.0681827732793452,1.2259275264228908,0.0246733159093176,1.5617814137833854,0.1260448477368975,0.4094177777777777,0.0193284969685107,0.4395222222222222,0.022424134375024,0.1469555555555555,0.0050668664677953,0.0375550638382759,0.0056507557430827,0.0046468355245263,0.0003837164635819,,,,,,,,,,,,,1.038716323086134,0.0183700683751952,1.1451098729101978,0.007530490785926,0.907143582159018,0.0179511328240548,0.0003217686154343,0.0017327770238773,0.0011022222222222,0.0002498789830554,6.666666666666667e-05,0.0,0.0645827212937523,0.0196013822516715,0.0631938324048635,0.0224457401637436,0.2967262053389312,0.0292591232286824,0.0,0.0,0.6317392720095077,0.0041409052629377,0.0,0.0,0.6167067302383241,0.009694548732275,0.9995349236275572,0.0002192889163984,0.0111893380119482,0.0027136802241217,-0.7886059292087193,3.512613051240674,0.1115013699019965,0.0063082143275464,-1.208258819702148,0.2125359302212212,0.8401980275245182,0.0031653700276267,1.4257590924257586,0.008145849593416,0.6231942036716006,0.0031121291778116,0.7957957957957951,0.01001001001001,0.0,0.0,0.0,0.0,0.0,0.0,0.0314378102748223,1.5703451349513125e-06,0.077955587464552,0.0087908465069935,0.0064650940610624,4.3109482079997866e-05,0.929542252004844,0.0038708217845642,0.0035748559885864,6.933380186408951e-05,0.9799961584430116,0.0013146468882068,0.00769149229894,7.292365470051977e-05,0.9417151446302678,0.0028247312459848,0.2057267905220569,0.0013762064252775,0.9315117515645236,0.0038226877322461,0.1138590146179813,0.0022135905964721,0.9803773017907684,0.001298616671806,0.244807130135521,0.0023301357610447,0.9433874314394554,0.0028063571997977,0.6659102392221284,0.0035769986328198,0.9991297448968008,5.007489447252025e-05,0.6801742980831307,0.0035368656829814,0.999037103435385,6.749022078693923e-05,0.0142640588610022,7.176845704692873e-05,0.7724861977636919,0.0120700154000516,,,,,,,,,,,,,,,,,0.0,0.0,0.1629575440737509,0.0035677636652391,0.9990271015036412,6.234877949247497e-05,0.1629905220373664,0.0035711178381213,0.9990447861355009,5.903377807298097e-05,0.1548645303220936,0.0034294336124957,0.9989682648675008,8.848562505011718e-05,0.5001967213114753,0.0003904363490579,0.0394781719190411,0.0075092237392596,0.4998032786885247,0.000390436349058,0.0394781719190411,0.0075092237392596,0.0163934426229508,3.469446951953614e-18,0.0,0.0,0.0163934426229508,3.469446951953614e-18,0.0,0.0,1.0163925683060104,9.631551231977078e-07,0.001108881087712,0.0041490531128939,0.4227820321561524,0.0074821291321083,1.776209926401497,0.0185472966985295,0.1245379648185259,0.0059949616445396,0.3942164386608829,0.0338550332913803,0.6108461043505589,0.0016783697786258,0.3890117476239875,0.0016756031579747,0.0165355906484044,1.1286184269387113e-05,0.0163934426229508,5.448983389217652e-18,0.9216908531130384,0.0035568934728618,0.9349941774149794,0.0034943806786255,0.0133033243019409,0.0001353115081868,1.0244896434427395,0.0184171354822353,1.0249918041301171,0.0184238629160912,0.0005021606873778,4.2308692859378265e-05,1.0249538496635635,0.0184268780146189,227.7704444444444,3.743135419061415
LIRCMOP3_d30,30,0.0,0.0,0.0,0.0,-0.26456368445892,0.0041475567580505,-0.26456368445892,0.0041475567580505,0.0,0.0,0.6295311683743193,0.0087414835720384,0.6201842035758691,0.0102887188589795,0.6388781331727696,0.0125099262967364,0.0186939295969004,0.0148006028004581,-0.4550136136136867,0.0251036938475248,-0.477422771439878,0.0235925164271024,-0.4326044557874953,0.0352294463327208,0.0448183156523825,0.0327820020954376,81.2765688888889,0.9973893348408734,47.125625251029774,0.717687627464806,1.0,0.0,194.3,4.075536774462967,0.3531879782245042,0.0222727433243623,-0.9061716455361442,0.0326820933978301,0.1591050773209869,0.0005478426338459,0.124837203257803,0.000883440932137,0.0018106985434073,0.0008494402140382,0.9312524915356158,0.0681715901857641,1.2370353056004928,0.0247924737631054,1.5915587022531,0.1273205141607178,0.4041155555555555,0.0178524896766339,0.4218155555555555,0.023132242582888,0.1478488888888889,0.0035918811055689,0.0452113912344872,0.0066349665506043,0.010017459579133,0.0009676176358491,,,,,,,,,,,,,1.0041148306187346,0.0181277537087726,1.13717622533001,0.0072505019084641,0.8830469300484315,0.0180100620634512,0.0059744597402294,0.0125227184165337,0.0011711111111111,0.0002741631486884,6.666666666666667e-05,0.0,0.061428301131323,0.0223180770084845,0.0393167124562669,0.0270646174227014,0.2778286186527494,0.0348870491558143,0.0,0.0,0.5845495096567236,0.0043849490520887,0.0,0.0,0.5897689435286022,0.0092803013915737,0.999489799293192,0.0002492564845046,0.0102646145485068,0.0022338084403689,-5.26127348204795,1.747634724257852,0.1108455760168933,0.0063002067104392,-1.205232744938106,0.2120997631839954,0.838982488308059,0.0031686300540381,1.4250917584250913,0.0088531859602414,0.6227897052940392,0.0036216797461857,0.7931264597931257,0.0096475357322662,0.0,0.0,0.0,0.0,0.0,0.0,0.0314378102748223,1.5703451349513125e-06,0.077955587464552,0.0087908465069935,0.0062970395954466,4.2774302582368985e-05,0.928971751831992,0.0039674001168542,0.0036700517416088,6.812016165141967e-05,0.9576402329249756,0.0029830638876883,0.0075841758216364,7.193255945861664e-05,0.9379422391128602,0.0030809498207384,0.200374329078119,0.0013654576807554,0.9309246319265156,0.0039342461558264,0.11688231631724,0.0021753199387048,0.9581012605123492,0.0029738155122733,0.2413868695923367,0.0022985989079565,0.9396757194067814,0.0030602089681053,0.6537870771600873,0.0035437217420044,0.9991366594904172,5.538268248837725e-05,0.6676187895357875,0.003504648321666,0.9990306321231268,8.203828586234809e-05,0.0138317123757001,7.119953203844998e-05,0.770760185678779,0.0119098199442475,,,,,,,,,,,,,,,,,0.0,0.0,0.1638261661748624,0.0035650145803341,0.9979401479903416,0.0005132346312159,0.1638592780160939,0.0035682232236444,0.9977784822497846,0.0005903840925033,0.1555648153672249,0.0034262514220214,0.9977280589104682,0.0005757347318045,0.500011475409836,0.0004474299454585,0.0991139958487744,0.0078097595154944,0.4999885245901639,0.0004474299454585,0.0991139958487744,0.0078097595154944,0.0163934426229508,3.469446951953614e-18,0.0,0.0,0.0163934426229508,3.469446951953614e-18,0.0,0.0,1.0163931147540977,6.403787187593815e-07,0.0,0.0,0.4348031997874823,0.0075240200074965,1.7962629295962624,0.0134909343670616,0.1233233132932531,0.0056851445898383,0.5336002669336001,0.0221191106940982,0.6890700563628358,0.0043184252989133,0.310819798562443,0.0043184188373471,0.0165035876976719,7.652429126602802e-06,0.0163934426229508,5.374844106186573e-18,0.8978922248248496,0.0035094992107488,0.910970302286742,0.0034515040168927,0.0130780774618922,0.0001365714184413,0.9828624278710356,0.021559567616102,0.983351289055722,0.0215616749608487,0.0004888611846863,4.8815277005665726e-05,0.9833074671308134,0.0215596651595319,229.05311111111112,4.002158855689369
LIRCMOP4_d30,30,0.0,0.0,0.0,0.0,-0.2002590454358179,0.0041438621810937,-0.2002590454358179,0.0041438621810937,0.0,0.0,0.6367290103054394,0.008759923948249,0.629332257236695,0.0091545911797173,0.6441257633741838,0.0106600753191159,0.0147935061374889,0.0093777620271329,-0.4441678400099498,0.0253871441330067,-0.4645333725769883,0.0237277627144892,-0.4238023074429113,0.0337562392441851,0.0407310651340769,0.028756781352775,84.60061777777779,1.0289913123389984,49.01676216764788,0.8972102366982825,1.0,0.0,200.76666666666668,4.462311309424996,0.3416645193703357,0.0234740705690465,-0.93209425651161,0.0300010511641713,0.1591050773209869,0.0005478426338459,0.124837203257803,0.000883440932137,0.0018106985434073,0.0008494402140382,0.9312524915356158,0.0681715901857641,1.2370353056004928,0.0247924737631054,1.5915587022531,0.1273205141607178,0.4095333333333333,0.0193435451957685,0.43962,0.02250726401261,0.1469711111111111,0.0050584855978059,0.0377296884287876,0.0056787696308997,0.0100522682941239,0.0010196289702932,,,,,,,,,,,,,1.0266806042063934,0.0196948520124158,1.1451098729101978,0.007530490785926,0.896639824689673,0.0193091037163373,0.0057374209430543,0.011402319414512,0.0011022222222222,0.0002498789830554,6.666666666666667e-05,0.0,0.0645827212937523,0.0196013822516715,0.040057171307676,0.0299590186054208,0.2778286186527494,0.0348870491558143,0.0,0.0,0.6315298166786806,0.0041454474789338,0.0,0.0,0.6167067658629442,0.0096945422281483,0.9995344267377764,0.0002188741292234,0.0111894533874253,0.0027137029057936,-0.7886336576770832,3.512568084829393,0.1108455760168933,0.0063002067104392,-1.205232744938106,0.2120997631839954,0.8395919542100932,0.0024327326088267,1.426426426426426,0.0073102777111134,0.621653998310886,0.0035408292104966,0.7924591257924584,0.0094375279437643,0.0,0.0,0.0,0.0,0.0,0.0,0.0314378102748223,1.5703451349513125e-06,0.077955587464552,0.0087908465069935,0.0064650940610624,4.3109482079997866e-05,0.929542252004844,0.0038708217845642,0.0036700517416088,6.812016165141967e-05,0.9576402329249756,0.0029830638876883,0.0077232770198058,7.18440784563772e-05,0.9390206298884052,0.0027455724062232,0.2057267905220569,0.0013762064252775,0.9315117515645236,0.0038226877322461,0.11688231631724,0.0021753199387048,0.9581012605123492,0.0029738155122733,0.2458166783294821,0.0022959573056471,0.9407375449330424,0.0027344057576885,0.6659102392221284,0.0035769986328198,0.9991297448968008,5.007489447252025e-05,0.6801742980831307,0.0035368656829814,0.999037103435385,6.749022078693923e-05,0.0142640588610022,7.176845704692873e-05,0.7724861977636919,0.0120700154000516,,,,,,,,,,,,,,,,,0.0,0.0,0.1638261661748624,0.0035650145803341,0.9979401479903416,0.0005132346312159,0.1638592780160939,0.0035682232236444,0.9977784822497846,0.0005903840925033,0.1555648153672249,0.0034262514220214,0.9977280589104682,0.0005757347318045,0.500011475409836,0.0004474299454585,0.0991139958487744,0.0078097595154944,0.4999885245901639,0.0004474299454585,0.0991139958487744,0.0078097595154944,0.0163934426229508,3.469446951953614e-18,0.0,0.0,0.0163934426229508,3.469446951953614e-18,0.0,0.0,1.0163931147540977,6.403787187593815e-07,0.0,0.0,0.4348031997874823,0.0075240200074965,1.7962629295962624,0.0134909343670616,0.1233233132932531,0.0056851445898383,0.5336002669336001,0.0221191106940982,0.688244652674702,0.0040302054621242,0.3116497109925923,0.0040335971186445,0.0164990789556565,9.97716584663484e-06,0.0163934426229508,5.594315114139764e-18,0.917653642101142,0.0038135682767986,0.9307671668978424,0.0037443872590601,0.0131135247967004,0.0001398406921123,0.9988662458301224,0.0258633635430004,0.999326310512614,0.0258799044628478,0.0004600646824919,4.072291468926003e-05,0.9992869885624588,0.0258780866183027,228.7104444444444,3.729721142722218
LIRCMOP5_d30,30,0.0,0.0,1.0,0.0,0.221336868127186,0.0069305472218348,0.221336868127186,0.0069305472218348,0.0,0.0,0.7633316920530969,0.013806154447646,0.4731536456764432,0.0151835823489785,1.0535097384297507,0.0233769230980508,0.5803560927533075,0.0281354546867783,0.7346915053425905,0.0550714533105783,-0.0653423485237175,0.0436481442027892,1.5347253592088983,0.0995445655905091,1.6000677077326162,0.1072245409546922,110.82321333333334,1.6913662014412412,62.1867089430916,1.0687250487743107,1.0,0.0,262.6333333333333,5.700779673771728,0.328509421910331,0.0240892087969389,-0.8097437050650111,0.0358725786926963,0.0,0.0,0.0,0.0,0.0,0.0,0.0,0.0,0.0,0.0,0.0,0.0,0.2175866666666666,0.0347723449075608,0.4758133333333332,0.0508225712469189,0.1426155555555555,0.0033241176309949,0.1376583978941363,0.0182208747721304,0.0,0.0,2.378560440441661,0.1459727467549307,1.8656522313599704,0.0648170366703974,0.3301553893034317,0.072888280453577,0.4215578272540736,0.1061024828266739,0.1682164665945892,0.0421869132118116,0.1593479746125519,0.0522492434542141,1.087756440553712,0.0122145802119509,1.087756440553712,0.0122145802119509,1.0,0.0,0.0,0.0,0.0006511111111111,0.0001621004108874,0.0006511111111111,0.0001621004108874,1.0,0.0,1.0,0.0,0.0,0.0,0.0,0.0,0.0,0.0,0.0,0.0,0.7541855832285513,0.0066470880182529,0.0,0.0,0.6400663633481778,0.0066942048588772,-94.14715790522256,2.6868248443814537,1.0,0.0,0.0,0.0,0.0,0.0,,,0.0,0.0,,,0.0,0.0,0.0,0.0,0.0,0.0,0.0314378102748223,1.5703451349513125e-06,0.077955587464552,0.0087908465069935,0.0038443881565097,3.3841151145519064e-05,0.9228426890484336,0.0049157619946789,0.0,0.0,0.0,0.0,0.0038443881565097,3.3841151145519064e-05,0.9228426890484336,0.0049157619946789,0.1223320465329636,0.0010766467946234,0.9250388533891272,0.0047592520434436,0.0,0.0,0.0,0.0,0.1223320465329636,0.0010766467946234,0.9250388533891272,0.0047592520434436,0.6343762029305561,0.0024387145017974,0.9993894664352516,1.85936593121372e-05,0.643924240235348,0.0023965398433551,0.9992978107111158,2.399760666757085e-05,0.0095480373047918,5.867617215769933e-05,0.6471554645792843,0.0097597245956668,0.6343762029305561,0.0024387145017974,0.9993894664352516,1.85936593121372e-05,0.643924240235348,0.0023965398433551,0.9992978107111158,2.399760666757085e-05,0.0095480373047918,5.867617215769933e-05,0.6471554645792843,0.0097597245956668,0.643924240235348,0.0023965398433551,0.9992978107111158,2.399760666757085e-05,0.0,0.0,0.0,0.0,0.0,0.0,0.0,0.0,0.0,0.0,0.0,0.0,0.0,0.0,0.3891763387978141,0.0005112092614332,0.0779650015032095,0.0085050436948253,0.5257996903460838,0.0006956623501057,0.018807197030104,0.0071186868094413,0.1014174134790528,0.0005058389541491,0.2733153630014013,0.0110460694870654,0.0163934426229508,3.469446951953614e-18,0.0,0.0,0.224691839708561,0.0006884674266225,0.6515117523319027,0.0108648945899867,0.0,0.0,,,0.0,0.0,,,0.4060334431083626,0.0011763800905212,0.4865698296638833,0.0013423460152774,0.123790169850705,0.0009807126074275,0.0163934426229508,6.938893903907228e-18,0.9442400317816304,0.0050315159076276,0.9505687970745657,0.0049662095081929,0.006328765292935,8.468380566112993e-05,0.9442400317816304,0.0050315159076276,0.9505687970745657,0.0049662095081929,0.006328765292935,8.468380566112993e-05,0.950568797066499,0.0049662095044838,479.1468888888889,3.799524135246541
LIRCMOP6_d30,30,0.0,0.0,1.0,0.0,0.2176939736408324,0.0069450384158005,0.2176939736408324,0.0069450384158005,0.0,0.0,0.75941957223924,0.0137645031382158,0.4653294060487294,0.0151029672666527,1.0535097384297507,0.0233769230980508,0.5881803323810213,0.0281303060952367,0.7275630435213568,0.0549663433229598,-0.0795992721661848,0.0432593415828665,1.5347253592088983,0.0995445655905091,1.6143246313750836,0.1071250986108419,110.21608,1.6736286940214231,61.70753667437744,1.012630571915718,1.0,0.0,260.6333333333333,5.344675439683456,0.3279452864505133,0.0291028902280999,-0.8074781054497121,0.0392195857195287,0.0,0.0,0.0,0.0,0.0,0.0,0.0,0.0,0.0,0.0,0.0,0.0,0.2150088888888888,0.0347979128081336,0.4758133333333332,0.0508225712469189,0.1421766666666666,0.0044834605516853,0.1373586718916508,0.0180760195754147,0.0,0.0,2.378560440441661,0.1459727467549307,1.8654151702889583,0.0644204452941672,0.3341797537020696,0.0751089040607239,0.4268432273146566,0.1074958421910861,0.1707326318692104,0.0423363377484102,0.1644061348944785,0.0539663024059062,1.085738862242289,0.0120926544368246,1.085738862242289,0.0120926544368246,1.0,0.0,0.0,0.0,0.0006577777777777,0.0001546641123671,0.0006577777777777,0.0001546641123671,1.0,0.0,1.0,0.0,0.0,0.0,0.0,0.0,0.0,0.0,0.0,0.0,0.7527179497061545,0.0047816751056889,0.0,0.0,0.6435954276825181,0.0066626346650958,-93.88335614219862,2.6095010110530006,1.0,0.0,0.0,0.0,0.0,0.0,,,0.0,0.0,,,0.0,0.0,0.0,0.0,0.0,0.0,0.0314378102748223,1.5703451349513125e-06,0.077955587464552,0.0087908465069935,0.0038398145912404,3.3857900949758724e-05,0.9220930976400582,0.004998879054332,0.0,0.0,0.0,0.0,0.0038398145912404,3.3857900949758724e-05,0.9220930976400582,0.004998879054332,0.1221862263857007,0.0010771724588997,0.9242986984044832,0.0048361513080864,0.0,0.0,0.0,0.0,0.1221862263857007,0.0010771724588997,0.9242986984044832,0.0048361513080864,0.6324773334431006,0.0024324340370993,0.999390389113633,1.8579776245417228e-05,0.6419964256343044,0.0023905802055365,0.9992982657713656,2.381689542553544e-05,0.0095190921912038,5.850689431080897e-05,0.6431699623659795,0.0099298203899091,0.6324773334431006,0.0024324340370993,0.999390389113633,1.8579776245417228e-05,0.6419964256343044,0.0023905802055365,0.9992982657713656,2.381689542553544e-05,0.0095190921912038,5.850689431080897e-05,0.6431699623659795,0.0099298203899091,0.6419964256343044,0.0023905802055365,0.9992982657713656,2.381689542553544e-05,0.0,0.0,0.0,0.0,0.0,0.0,0.0,0.0,0.0,0.0,0.0,0.0,0.0,0.0,0.3883888706739526,0.0005059256987656,0.0802165853053956,0.0092273616277666,0.5260148998178507,0.0007071924580973,0.0190876957722603,0.0074566390011135,0.1019896721311475,0.0005258013558395,0.2752742122985884,0.0119131694243063,0.0163934426229508,3.469446951953614e-18,0.0,0.0,0.2235720036429872,0.0006946581643719,0.6550276906302223,0.0114518278654065,0.0,0.0,,,0.0,0.0,,,0.4052306002168267,0.0014733771186437,0.4866473927385924,0.0016350300341664,0.1245154496675317,0.0010614577620529,0.0163934426229508,6.938893903907228e-18,0.9406285933383512,0.0057530267179843,0.946972318752555,0.0056842038702753,0.0063437254142038,8.768576587942348e-05,0.9406285933383512,0.0057530267179843,0.946972318752555,0.0056842038702753,0.0063437254142038,8.768576587942348e-05,0.946972318748021,0.0056842038712669,478.8855555555556,4.286982909825487
LIRCMOP7_d30,30,0.0,0.0,0.8804644444444446,0.0016517091783593,0.221336868127186,0.0069305472218348,0.221336868127186,0.0069305472218348,0.0,0.0,0.7633316920530969,0.013806154447646,0.4731536456764432,0.0151835823489785,1.0535097384297507,0.0233769230980508,0.5803560927533075,0.0281354546867783,0.7346915053425905,0.0550714533105783,-0.0653423485237175,0.0436481442027892,1.5347253592088983,0.0995445655905091,1.6000677077326162,0.1072245409546922,110.82321333333334,1.6913662014412412,62.1867089430916,1.0687250487743107,1.0,0.0,262.6333333333333,5.700779673771728,0.328509421910331,0.0240892087969389,-0.8097437050650111,0.0358725786926963,0.0478673199106424,0.0008214172593254,0.157367912287494,0.0016467509864511,0.0,0.0,0.9925151273616792,0.006461321742275,3.613626780540091,0.0430295158967522,12.707168288629363,0.3552328730043355,0.1693822222222222,0.0301083177056063,0.4417733333333333,0.0460479576094314,0.1211522222222222,0.0030988012417388,0.1304141812976269,0.0181208569092814,0.1564009037901926,0.0398454966849836,2.327625200689068,0.1996461779177508,1.849120629876322,0.0969498169749396,0.3037502547292179,0.0605748850707144,0.3922699552521367,0.1184930529595528,0.1562991920135997,0.0412885503527325,0.1513732283725936,0.0542323012964375,1.070095890011565,0.013614180489794,1.0877783086351107,0.0122148364090787,0.9837909275588566,0.0111729741601163,0.0143279110959129,0.0128132597417828,0.0006511111111111,0.0001621004108874,0.0006088888888888,0.0001891370918306,0.9468504643504644,0.2467944946649234,0.6373192548192549,0.1397253349654584,-0.0290760187218115,0.0309412865225751,-0.3649848185673204,0.0045233132094663,0.0,0.0,0.0,0.0,0.7541856063880485,0.0066470725819014,0.5611216897438829,0.0038860415285699,0.6400672528164939,0.006693809414647,-94.14724811497716,2.6867669822950937,0.3105279179792092,0.0044944674494747,0.0165232054905771,0.0003350590992508,0.3467969998987287,0.0032741578108075,-1.3309976643309978,0.0088531859602413,0.1520224918878072,0.0022482936655431,-1.7147147147147146,0.0119562715162955,0.0,0.0,0.0,0.0,0.0,0.0,0.0314378102748223,1.5703451349513125e-06,0.077955587464552,0.0087908465069935,0.0038444271337434,3.384152421028606e-05,0.9228427249560848,0.0049157456410867,0.0018018219432879,7.086910017151887e-05,0.5116681173366826,0.025209109682286,0.0053392195620852,6.928822773190223e-05,0.9378696239860432,0.004844788614437,0.1223332868605561,0.0010766586622538,0.9250389233187764,0.0047590791744571,0.0573903399072008,0.0022536687639259,0.5116763991563178,0.0252088111252836,0.1699415589494144,0.0022020641619457,0.9394698342831808,0.0046946244791014,0.6343873132523778,0.0024387602503298,0.9993894663492034,1.859367645179072e-05,0.643935529131891,0.0023965848163909,0.9992978108582234,2.399763428679868e-05,0.0095482158795129,5.867726920437488e-05,0.6471553687857603,0.0097596128628494,0.6186259146352912,0.002708598694076,0.9984134347864438,0.0002738588471283,0.6281675823377532,0.0026671255348406,0.998320757899132,0.0002771313137559,0.009541667702462,6.799106443315622e-05,0.6373940087392594,0.0098692834642711,0.6281675823377532,0.0026671255348406,0.998320757899132,0.0002771313137559,0.0107623950109927,0.0102818310709592,0.0590285568947388,0.0040247040951422,0.5164579716542048,0.0253984951021305,0.0590440402850034,0.0040272986830049,0.510448941903203,0.0227204188271799,0.0545534091050208,0.0039726216754154,0.505390127641077,0.0218125452567373,0.4035014936247723,0.0007980778182321,0.1773187433749969,0.0073581264887121,0.5223091074681239,0.0007114525405367,0.0237006826488729,0.007567281694618,0.0905828415300546,0.0006603062107511,0.4727701359432374,0.0117474182182344,0.0163934426229508,3.469446951953614e-18,0.0,0.0,0.3227590892531876,0.0038273394820931,0.74774341593733,0.0097310191358714,0.1089147873838938,0.0067544126074065,-1.0265552182218844,0.0177579723864119,0.0235649075929637,0.0032721988137333,-1.8203909792145083,0.05140397005188,0.4228573363509746,0.0024751849124195,0.4730611650430677,0.0019887885047783,0.1204749412289084,0.0010174239880446,0.0163934426229508,6.938893903907228e-18,0.9261120566998756,0.0061674161733867,0.9327621367483206,0.0060758874996947,0.0066500800484451,0.0001113981788183,0.9279595839212422,0.0060860976433936,0.9345126596778986,0.0060000552589906,0.0065530757566564,0.000104321289171,0.9345126593362936,0.0060000552669247,451.4504444444445,7.275375552650099
LIRCMOP8_d30,30,0.0,0.0,0.8804644444444446,0.0016517091783593,0.2176939736408324,0.0069450384158005,0.2176939736408324,0.0069450384158005,0.0,0.0,0.75941957223924,0.0137645031382158,0.4653294060487294,0.0151029672666527,1.0535097384297507,0.0233769230980508,0.5881803323810213,0.0281303060952367,0.7275630435213568,0.0549663433229598,-0.0795992721661848,0.0432593415828665,1.5347253592088983,0.0995445655905091,1.6143246313750836,0.1071250986108419,110.21608,1.6736286940214231,61.70753667437744,1.012630571915718,1.0,0.0,260.6333333333333,5.344675439683456,0.3279452864505133,0.0291028902280999,-0.8074781054497121,0.0392195857195287,0.0478673199106424,0.0008214172593254,0.157367912287494,0.0016467509864511,0.0,0.0,0.9925151273616792,0.006461321742275,3.613626780540091,0.0430295158967522,12.707168288629363,0.3552328730043355,0.1666644444444444,0.0300949927339137,0.4417733333333333,0.0460479576094314,0.1206333333333333,0.0041781441919695,0.1323611823040939,0.0180627429594687,0.1637270892958552,0.0401101309801001,2.325587180640277,0.1976016843873304,1.8477785378193048,0.0982860895624721,0.3130550657752372,0.0646802612772032,0.3884490347987632,0.1234497289568735,0.1536557386771005,0.0431259074939548,0.1484872959831669,0.0565672639568028,1.0667757994348368,0.0135654008544988,1.085760656968758,0.012092907596099,0.9825608093086956,0.0112187504896351,0.0143677959727077,0.0134672044193275,0.0006577777777777,0.0001546641123671,0.00062,0.0001847119880205,0.9549522699522698,0.2493648567140749,0.624526862026862,0.1329644909850396,-0.0295814672293852,0.0299696130436715,-0.3679166916118779,0.0044927235776431,0.0,0.0,0.0,0.0,0.7527179111194156,0.0047817059491007,0.56103211426455,0.0038578167754477,0.6435965031234335,0.0066617847386824,-93.88341320590226,2.609468397208969,0.3105279179792092,0.0044944674494747,0.0165232054905771,0.0003350590992508,0.3461939618953472,0.0036472280535944,-1.3303303303303304,0.0091743257156273,0.1515846557318753,0.0024603029474214,-1.7160493827160497,0.0096475357322662,0.0,0.0,0.0,0.0,0.0,0.0,0.0314378102748223,1.5703451349513125e-06,0.077955587464552,0.0087908465069935,0.0038398534921713,3.38582743776436e-05,0.9220931403949036,0.0049988267604495,0.0018018219432879,7.086910017151887e-05,0.5116681173366826,0.025209109682286,0.0053359034196208,6.929823916093995e-05,0.9374423052310824,0.0048945752807526,0.1221874642833225,0.0010771843380238,0.9242987177692052,0.0048362111499773,0.0573903399072008,0.0022536687639259,0.5116763991563178,0.0252088111252836,0.1698358201629139,0.0022023860157562,0.939048680651259,0.0047520484948958,0.6324883950774305,0.0024324796117913,0.9993903886853152,1.8579824108251583e-05,0.6420076650788953,0.0023906250115714,0.999298265075621,2.3815622102985667e-05,0.0095192700014648,5.850798696883845e-05,0.6431696732920511,0.0099298811314736,0.616578506004279,0.0027013287177915,0.9984169464622232,0.0002729730713892,0.6260931209620498,0.0026603488346794,0.9983225729685404,0.0002756044393894,0.0095146149577707,6.775726820447319e-05,0.6333192521210051,0.0100520503585626,0.6260931209620498,0.0026603488346794,0.9983225729685404,0.0002756044393894,0.0107623950109927,0.0102818310709592,0.0590285568947388,0.0040247040951422,0.5164579716542048,0.0253984951021305,0.0590440402850034,0.0040272986830049,0.510448941903203,0.0227204188271799,0.0545534091050208,0.0039726216754154,0.505390127641077,0.0218125452567373,0.4027947358834243,0.0008163384604779,0.1794773000263877,0.0076450640246347,0.5225051366120218,0.0007198481403173,0.0256336389856116,0.0081236442265117,0.0910935701275045,0.000662347766174,0.4737138103252178,0.011666763748066,0.0163934426229508,3.469446951953614e-18,0.0,0.0,0.3217609289617487,0.0038411911764601,0.7507579748701698,0.0098922516492732,0.1089147873838938,0.0067544126074065,-1.0265552182218844,0.0177579723864119,0.0235649075929637,0.0032721988137333,-1.8203909792145083,0.05140397005188,0.4231783473727363,0.0022641475697452,0.4723958887410114,0.0019753877227572,0.1208192065092031,0.0011949731323273,0.0163934426229508,6.938893903907228e-18,0.9218586995881868,0.0051758526714455,0.9285378747469312,0.0050939327952786,0.0066791751587444,0.0001042243938515,0.92366995971995,0.0051974523494048,0.930248547971603,0.0051189908797677,0.0065785882516529,9.947984258094292e-05,0.9302485476069592,0.0051189907261488,448.85177777777767,8.03954590266065
LIRCMOP9_d30,30,0.0,0.0,0.02532,0.0013754891385868,-0.8305449012516067,0.001984177216514,-0.8305449012516067,0.001984177216514,0.0,0.0,0.7125622793799306,0.0098484239956275,0.3485011791775028,0.0088832300811721,1.0766233795823583,0.0182942438238743,0.7281222004048556,0.0209574914227395,0.0649981518253163,0.0401389702985906,-0.7824111421660329,0.0209720591594895,0.9124074458166656,0.0823527573385877,1.6948185879826982,0.0894374645592679,54.94718222222222,0.6258900994366663,27.80685409007264,0.3761674143691049,1.0,0.0,130.1,3.165964834506747,0.2114147605752924,0.031620848629961,-0.7162362264987541,0.0520067118982077,0.4508882570723406,0.0018854295038088,0.2634100647258895,0.0008437210913789,0.0,0.0,0.9986410953046684,0.0013272798782122,0.0235663549730206,0.0122140117582141,-1.175463585176473,0.0087110569175984,0.1523333333333333,0.0129619271543839,0.1765088888888888,0.0057932907128807,0.0397177777777777,0.0020529424832435,0.0931994260395749,0.0100982510917062,0.3485007576137457,0.0545584021426085,2.480684489353671,0.1305097008048457,2.001637044362175,0.0725073476181952,0.2910617950435593,0.0631499370145573,0.436560313135573,0.1183958367102712,0.1772807590836425,0.0463366415002995,0.171889190867441,0.0549511788467572,1.1040574007283444,0.0139225678640782,1.1917118496447512,0.0016432596401103,0.9264509400277222,0.0119481579598914,0.0444598220730195,0.0185469906092405,0.0014022222222222,0.0002544323141213,0.0006511111111111,0.0001769564360143,0.4899397297761141,0.2005766613112719,0.0262518246648681,0.0358577265492704,0.1373479260386006,0.0173668819293698,-0.2424932279527682,0.0065539568360115,0.2875392500156445,0.0070016792233475,0.0,0.0,0.4032650449049872,0.0161285668203358,0.997756407308826,0.0006203133999641,0.4375888314727272,0.0103251636937256,4.902685739159098,1.5348648954893778,0.1410420709104881,0.0053036689112234,-0.673305765390529,0.0193771862029493,0.8881388610841984,0.0020726862649194,0.2339005672339004,0.0099206331313436,0.6576587989509712,0.0040329869766066,-0.175175175175175,0.0,0.0,0.0,0.0,0.0,0.0,0.0,0.0314378102748223,1.5703451349513125e-06,0.077955587464552,0.0087908465069935,0.0048261941053787,3.164953440466884e-05,0.9376561920504336,0.0025686405004413,0.01326332677405,0.0004320903144471,0.868612257562104,0.0202334875570914,0.0150979453358269,0.00038707812012,0.8761470500293209,0.0178548871430933,0.1535900152958197,0.0010093048515561,0.9394815866367368,0.0025924953194714,0.4218723385872442,0.013737522338722,0.8693854502890446,0.0202525799682701,0.4802747097750923,0.0123055087384263,0.8778537604939608,0.0177289221727922,0.693365446157701,0.0024952900683167,0.9992668782777124,3.0099090632223976e-05,0.7059172250539553,0.0024664526980422,0.999130900560622,4.074179437313219e-05,0.0125517788962542,5.868691885785667e-05,0.8181381200368669,0.0083124777366624,0.6817861721746721,0.0219289993445862,0.8587618377034241,0.0522133423577824,0.6967334222404894,0.0214741186025283,0.8358088191237394,0.0590942997861639,0.0149472500658172,0.0006777358029331,0.2675158017437348,0.0802981032253253,0.6967334222404894,0.0214741186025283,0.8358088191237394,0.0590942997861639,0.0513293567764297,0.020613943378579,0.4479850762266814,0.0035008941132918,0.9966424968992326,0.0001867614691203,0.4479760211403863,0.0035058431488544,0.9967305016827452,0.0001792337741093,0.4151154563163705,0.0034526015816768,0.9964314839047104,0.0002067985459724,0.4969549726775956,0.0009006014625882,0.1125626307795093,0.0163694213973427,0.4992376502732241,0.0008145609843229,0.0969872756325729,0.0165457488336295,0.0202008196721311,0.000709583153313,0.4444668158872061,0.0453630950781428,0.0163934426229508,3.469446951953614e-18,0.0,0.0,0.994501183970856,0.003630810172311,0.4813919370272774,0.0456866876680722,0.5675231676877154,0.0094688339222878,0.6325436547658765,0.0046473903003045,0.2266577599643732,0.0114779814922683,-0.1792681570459347,0.0492091848752327,0.5412946792112383,0.0065957434634684,0.4099649495212976,0.0032882553200857,0.0651338138904149,0.0041084966004164,0.0163934426229508,3.955778153302621e-18,0.7676490017771628,0.0109739803275293,0.779996943206905,0.0108492788322333,0.0123479414297425,0.0002100022763826,0.8082018873174303,0.0118337420761772,0.8200300831515561,0.0116667840598557,0.011828195834126,0.0002193242382885,0.8200286673363394,0.0116667295744125,137.4148888888889,9.86785588679066
LIRCMOP10_d30,30,0.0,0.0,0.0008711111111111,0.0002230650682903,-0.8796855936475506,0.0016107823317876,-0.8796855936475506,0.0016107823317876,0.0,0.0,1.0754105290101426,0.0107031009046517,1.0650117161008108,0.0113062084901121,1.0858093419194743,0.0139961370599441,0.0207976258186639,0.013755687192744,0.7484111828142076,0.0471988885185951,0.5844149198117499,0.0634136196474568,0.9124074458166656,0.0823527573385877,0.3279925260049155,0.1126746967449132,50.24098222222222,0.4320272192842364,25.689743587431803,0.2858263189400912,1.0,0.0,118.96666666666668,2.9493878837631526,0.2132824217883532,0.0251974513349485,-0.7572745416750449,0.0431386747593486,0.4514106133594447,0.001876347687962,0.2625871339853848,0.0008364594323822,0.0,0.0,0.9986410953046684,0.0013272798782122,0.0334105441200866,0.0122679093569274,-1.187162733203916,0.0085852400462732,0.1531822222222222,0.0143934752021553,0.2403244444444444,0.0047020793929158,0.03852,0.0017748155877077,0.0656282006522047,0.0093740638217491,0.3612019088964091,0.0539888179565954,2.267251549047376,0.2265800088355879,2.1129899423896994,0.1423275061926334,0.1619626056890914,0.1574016797081264,0.2281838383373041,0.122729987158193,0.1475753937857796,0.0698014147246832,0.0846237533889665,0.0744745538001812,0.9177551287055622,0.0608358828833977,1.197243996425383,0.0010870188392506,0.7665491011622569,0.0506850853035534,0.0509821206030559,0.0467476268997155,0.0015955555555555,0.0003030381143774,0.0002155555555555,8.19816299808743e-05,0.1402354779669818,0.0599672055595833,0.0060042735042735,0.0154206161166535,0.0938886549846826,0.0107205954425164,-0.2420877164825412,0.0065580649929668,0.2833102926026234,0.0070650258389636,0.0,0.0,0.2671967015003846,0.0171695130693021,0.9972646909798442,0.0007987251635476,0.3934715451546441,0.0079592515345828,13.080423249078883,0.8610398993951582,0.1393195599949558,0.0052870231601236,-0.668053342443153,0.0194762081900029,0.8877337900050516,0.002209855830712,0.2312312312312311,0.0091743257156273,0.6591501089034092,0.0038442735880635,-0.175175175175175,0.0,0.0,0.0,0.0,0.0,0.0,0.0,0.0314378102748223,1.5703451349513125e-06,0.077955587464552,0.0087908465069935,0.0048438340743591,3.72256508173097e-05,0.956465163319632,0.0030489132884816,0.0132207145436221,0.0004311880909399,0.8706552305874611,0.0198702976696211,0.0151517648317914,0.0003881916423248,0.8867713727889546,0.0149706974844375,0.1542018333718377,0.0011889053136183,0.9576537742284702,0.0029716416082446,0.4205147072306635,0.013708725409027,0.8714082361381738,0.019905476478162,0.4820179657043112,0.0123400424190927,0.8885414199102238,0.0147779956883293,0.7929986378660773,0.0023659907091399,0.9992185681442972,3.700471926238121e-05,0.8058799873553412,0.0023018348151327,0.999115861859162,4.4787199941094304e-05,0.0128813494892639,7.515938762448878e-05,0.9090963706134032,0.0047895539397694,0.5341310141750607,0.1101741265158866,0.5911130536130537,0.4035671607091384,0.5479765103257629,0.1077384860532094,0.3206925650107469,0.4904694526440287,0.0138454961507022,0.0034912826051618,-0.0617715617715617,0.4267453511158701,0.5479765103257629,0.1077384860532094,0.3206925650107469,0.4904694526440287,0.0191528625695292,0.0160027000570487,0.4485867518759029,0.003503541709571,0.9966412622305688,0.0001877252190393,0.4485781498148232,0.0035084642976764,0.996733227450371,0.0001804493569635,0.4158180548744603,0.0034744080100513,0.996438420084498,0.000209059689103,0.5002042987249544,0.0006818980385806,0.1015480294299089,0.0172180067688809,0.4997618032786884,0.0006831420038338,0.1016220271297213,0.017213306798656,0.0164273406193078,2.861060920302576e-05,0.0324690543400664,0.0255481462515254,0.0163934426229508,3.469446951953614e-18,0.0,0.0,1.0161690710382507,0.0001856204926797,0.0518038140444053,0.0303649454028962,0.5668212385586447,0.0095415925770935,0.630897564230897,0.0047418295424731,0.2306791360498775,0.0113797208680819,-0.1901901901901901,0.0501974620748944,0.5908159618643808,0.0028874736445607,0.3993122797254465,0.0029319868808133,0.0262652010331237,0.0013963320886617,0.0163934426229508,3.469446951953614e-18,0.8287819810004817,0.0092288354988131,0.8406367980116921,0.0089494915128577,0.0118548170112101,0.0003216542467824,0.716043716794536,0.018008556325526,0.7280451660119525,0.0177143264763082,0.0120014492174162,0.0003912061150876,0.728044453851531,0.0177143070433824,89.65,4.492183087195901
LIRCMOP11_d30,30,0.0,0.0,0.0173622222222222,0.0010962134603339,-0.8796855936475506,0.0016107823317876,-0.8796855936475506,0.0016107823317876,0.0,0.0,1.0754105290101426,0.0107031009046517,1.0650117161008108,0.0113062084901121,1.0858093419194743,0.0139961370599441,0.0207976258186639,0.013755687192744,0.7484111828142076,0.0471988885185951,0.5844149198117499,0.0634136196474568,0.9124074458166656,0.0823527573385877,0.3279925260049155,0.1126746967449132,50.24098222222222,0.4320272192842364,25.689743587431803,0.2858263189400912,1.0,0.0,118.96666666666668,2.9493878837631526,0.2132824217883532,0.0251974513349485,-0.7572745416750449,0.0431386747593486,0.4509510374667533,0.0018846961752942,0.2633096230382785,0.0008447827561265,0.0,0.0,0.9986410953046684,0.0013272798782122,0.024772891549041,0.0122193423917399,-1.176913181748357,0.008685382623501,0.1531911111111111,0.0143847834555035,0.2404088888888888,0.0047116163251119,0.0385433333333333,0.0017766416508557,0.065110352327587,0.0092741127248663,0.3622354955635429,0.055524250280472,2.4835430210391385,0.1396962838236321,2.011649646144998,0.075478773123214,0.2918807782265782,0.0685927309972386,0.4094251151270776,0.1208345614147576,0.1584734075706334,0.0481656776724422,0.165232316109706,0.0638659386087235,1.1118956173296288,0.0159753545512635,1.197243996425383,0.0010870188392506,0.928714838115371,0.0134634265023549,0.0353606388623888,0.0200219751486689,0.0015955555555555,0.0003030381143774,0.0006355555555555,0.0001478070146516,0.4154698922046895,0.1333744816012273,0.0239746579768509,0.0310211496317096,0.1318725426608446,0.0121700835817487,-0.242344877042386,0.006555257323646,0.2835432692909033,0.0070666902899116,0.0,0.0,0.2671893433503439,0.0171766035101485,0.99736503206143,0.0007677365071655,0.3935528892022632,0.007946004783035,13.079481354421755,0.8605362978920289,0.140783513690543,0.0053042872870039,-0.6725137266820211,0.0193986537627754,0.8874850776221176,0.0024241309383474,0.2359025692359024,0.0099877407721693,0.6587144952660355,0.0030728487250041,-0.175175175175175,0.0,0.0,0.0,0.0,0.0,0.0,0.0,0.0314378102748223,1.5703451349513125e-06,0.077955587464552,0.0087908465069935,0.0048438340743591,3.72256508173097e-05,0.956465163319632,0.0030489132884816,0.013259075297877,0.0004313540170919,0.8691367383174977,0.0201083771544426,0.015186036415885,0.0003882281666807,0.885809468827545,0.015095779749177,0.1542018333718377,0.0011889053136183,0.9576537742284702,0.0029716416082446,0.4217367052569799,0.0137140053985972,0.8699019997978531,0.0201292892539606,0.4831095368487394,0.0123411806568361,0.8876111967277897,0.0148911335779899,0.7929986378660773,0.0023659907091399,0.9992185681442972,3.700471926238121e-05,0.8058799873553412,0.0023018348151327,0.999115861859162,4.4787199941094304e-05,0.0128813494892639,7.515938762448878e-05,0.9090963706134032,0.0047895539397694,0.7714461017905425,0.0200677051847081,0.8600771775920394,0.0461265930483844,0.7841344820596547,0.0198041091160992,0.8293124492063018,0.0824536919191838,0.0126883802691123,0.0006125531834816,0.2250189268421776,0.0792342539512678,0.7841344820596547,0.0198041091160992,0.8293124492063018,0.0824536919191838,0.0591413628614764,0.0236015462955331,0.4480738128078105,0.0035011817528948,0.9966468756517612,0.0001880274635158,0.4480648991774437,0.0035061737739608,0.996734411706196,0.0001799461512884,0.4152142180188846,0.0034558784832583,0.9964377778647092,0.0002078689616544,0.4984126775956284,0.000746926115113,0.1050858563244581,0.0168832503253139,0.4993301092896176,0.00071362364649,0.0991340838336306,0.016300130123498,0.0186506557377049,0.0004432177332319,0.4026746447589466,0.0514290885471412,0.0163934426229508,3.469446951953614e-18,0.0,0.0,1.0035281967213112,0.0022821798835221,0.4457359083381205,0.0502295164840818,0.5674588279050173,0.0094670718970861,0.6320542764987205,0.0046823941910336,0.2291482965931863,0.0113103694236102,-0.1846068290512734,0.0498440079775844,0.547880438088275,0.0061426095623054,0.4077119450441447,0.0031017124488676,0.0608010594905308,0.0043210698395462,0.0163934426229508,3.800588715305073e-18,0.8422213678384516,0.0098991992868697,0.8538664280814289,0.0096303452444171,0.0116450602429773,0.000309497891721,0.8522786494185286,0.0122491535012627,0.8621028090540545,0.0120396853493706,0.0098241596355258,0.0002457160416264,0.8621020854533812,0.0120398695755755,122.13866666666668,8.574127213978194
LIRCMOP12_d30,30,0.0,0.0,0.02532,0.0013754891385868,-0.8305449012516067,0.001984177216514,-0.8305449012516067,0.001984177216514,0.0,0.0,0.7125622793799306,0.0098484239956275,0.3485011791775028,0.0088832300811721,1.0766233795823583,0.0182942438238743,0.7281222004048556,0.0209574914227395,0.0649981518253163,0.0401389702985906,-0.7824111421660329,0.0209720591594895,0.9124074458166656,0.0823527573385877,1.6948185879826982,0.0894374645592679,54.94718222222222,0.6258900994366663,27.80685409007264,0.3761674143691049,1.0,0.0,130.1,3.165964834506747,0.2114147605752924,0.031620848629961,-0.7162362264987541,0.0520067118982077,0.4508882570723406,0.0018854295038088,0.2634100647258895,0.0008437210913789,0.0,0.0,0.9986410953046684,0.0013272798782122,0.0235663549730206,0.0122140117582141,-1.175463585176473,0.0087110569175984,0.1523333333333333,0.0129619271543839,0.1765088888888888,0.0057932907128807,0.0397177777777777,0.0020529424832435,0.0905153219027695,0.009779806798641,0.3482782741089413,0.0556031415510761,2.480684489353671,0.1305097008048457,2.001637044362175,0.0725073476181952,0.2910617950435593,0.0631499370145573,0.436560313135573,0.1183958367102712,0.1772807590836425,0.0463366415002995,0.171889190867441,0.0549511788467572,1.1040574007283444,0.0139225678640782,1.1917118496447512,0.0016432596401103,0.9264509400277222,0.0119481579598914,0.0444598220730195,0.0185469906092405,0.0014022222222222,0.0002544323141213,0.0006511111111111,0.0001769564360143,0.4899397297761141,0.2005766613112719,0.0262518246648681,0.0358577265492704,0.1373479260386006,0.0173668819293698,-0.2424932279527682,0.0065539568360115,0.2875392500156445,0.0070016792233475,0.0,0.0,0.4032650449049872,0.0161285668203358,0.997756407308826,0.0006203133999641,0.4375888314727272,0.0103251636937256,4.902685739159098,1.5348648954893778,0.1410420709104881,0.0053036689112234,-0.673305765390529,0.0193771862029493,0.8879354776920562,0.0020547328416734,0.2365699032365698,0.0099206331313436,0.6581077476996933,0.0038699460398392,-0.175175175175175,0.0,0.0,0.0,0.0,0.0,0.0,0.0,0.0314378102748223,1.5703451349513125e-06,0.077955587464552,0.0087908465069935,0.0048261941053787,3.164953440466884e-05,0.9376561920504336,0.0025686405004413,0.01326332677405,0.0004320903144471,0.868612257562104,0.0202334875570914,0.0150979453358269,0.00038707812012,0.8761470500293209,0.0178548871430933,0.1535900152958197,0.0010093048515561,0.9394815866367368,0.0025924953194714,0.4218723385872442,0.013737522338722,0.8693854502890446,0.0202525799682701,0.4802747097750923,0.0123055087384263,0.8778537604939608,0.0177289221727922,0.693365446157701,0.0024952900683167,0.9992668782777124,3.0099090632223976e-05,0.7059172250539553,0.0024664526980422,0.999130900560622,4.074179437313219e-05,0.0125517788962542,5.868691885785667e-05,0.8181381200368669,0.0083124777366624,0.6817861721746721,0.0219289993445862,0.8587618377034241,0.0522133423577824,0.6967334222404894,0.0214741186025283,0.8358088191237394,0.0590942997861639,0.0149472500658172,0.0006777358029331,0.2675158017437348,0.0802981032253253,0.6967334222404894,0.0214741186025283,0.8358088191237394,0.0590942997861639,0.0513293567764297,0.020613943378579,0.4479850762266814,0.0035008941132918,0.9966424968992326,0.0001867614691203,0.4479760211403863,0.0035058431488544,0.9967305016827452,0.0001792337741093,0.4151154563163705,0.0034526015816768,0.9964314839047104,0.0002067985459724,0.4969549726775956,0.0009006014625882,0.1125626307795093,0.0163694213973427,0.4992376502732241,0.0008145609843229,0.0969872756325729,0.0165457488336295,0.0202008196721311,0.000709583153313,0.4444668158872061,0.0453630950781428,0.0163934426229508,3.469446951953614e-18,0.0,0.0,0.994501183970856,0.003630810172311,0.4813919370272774,0.0456866876680722,0.5675231676877154,0.0094688339222878,0.6325436547658765,0.0046473903003045,0.2266577599643732,0.0114779814922683,-0.1792681570459347,0.0492091848752327,0.5406256072730437,0.0064561022185364,0.4097661914274387,0.0033091177437972,0.0660016439224682,0.0037463073343856,0.0163934426229508,3.800588715305073e-18,0.7679403310723419,0.0107380634051239,0.7802801531544581,0.0105908810944524,0.0123398220821162,0.0002257691416846,0.8092670801633249,0.0121715256401042,0.821055766881157,0.0119718147442948,0.0117886867178322,0.0002227125491396,0.8210546003968561,0.0119721431943707,138.76333333333332,10.359135921351598
LIRCMOP13_d30,30,0.0,0.0,0.7254044444444444,0.0021646953995515,-0.5981283446894001,0.0050473604364594,0.8767512691440796,0.0013996384607893,-1.4748796138334794,0.0045814563571968,-0.2817547294908449,0.0047022437296205,-0.6223806538522211,0.006308485005748,-0.0831874624309353,0.006634908566947,0.5391931914212857,0.0090414182401929,-0.7360168771582182,0.0114500282436613,-0.9414280030951933,0.0092674696792315,-0.613952874352006,0.0186754754008035,0.327475128743187,0.0196301708189025,20.32618222222222,0.2325667833569267,14.690328290783745,0.2405994882361787,1.0,0.0,72.7,1.7349351572897476,0.8493452745564006,0.0246754851710204,0.1186624217310376,0.0825765317281085,0.1448759385818422,0.0014535928831649,0.2841154152844971,0.0018512148020432,0.0,0.0,0.999999214836704,1.5060687518982008e-06,1.8295649828782987,0.0172750086748539,1.929363304237618,0.0740756123440939,0.0218977777777777,0.005327100061171,0.2285488888888888,0.0062405765007512,0.1525548148148147,0.0030077293204832,0.2140570400526329,0.001869025622666,0.1549758140847901,0.0262144487328852,3.1936945821444223,0.0545186369507235,2.136760648593334,0.0071697533236029,0.3375927485495086,0.0054880536499286,1.020639285163666,0.0386995742080501,0.3050694996389011,0.0051834482382612,0.3393487798660083,0.0117526405734063,0.6886824790360545,0.0046642470680724,0.6914748803786684,0.0044512402302226,0.9959633712542704,0.0027930204705054,0.0011294448772273,0.0004000780939419,0.0258088888888888,0.0010213619568564,0.0238111111111111,0.0008357003420655,0.9230968372475712,0.0252847057773662,0.8413694105423964,0.0162374454865017,0.1314790512195782,0.011357323979639,0.0,0.0,0.1560072595645003,0.0082652732368247,0.0,0.0,0.7940413731676496,0.0056153965894633,0.7811637975109877,0.0021928236418162,0.782683466028662,0.0061098593855117,-36.05412630781665,0.6565943865964347,0.5284832859605716,0.0043731274773978,-0.1332293956969936,0.0224812733877888,0.5517349619616663,0.0039946502819418,0.6649983316649977,0.003593703574998,0.2890763212872828,0.0034503203011041,0.2665999332665997,0.0088531859602413,0.0,0.0,0.0,0.0,0.0,0.0,0.0314378102748223,1.5703451349513125e-06,0.077955587464552,0.0087908465069935,0.0055427374476927,8.853061901098427e-06,0.9302430895023278,0.0034516368549422,0.0042542505423864,0.0002079533216259,0.9798657095227497,0.0010993152471136,0.0086575455705342,0.0001756046015221,0.93714578880818,0.0025909809504318,0.1763912386017574,0.0002762264333946,0.9332340361202884,0.0032957803976092,0.1351684340178642,0.00660661214496,0.9799211477133029,0.0010940272916509,0.2753413543344669,0.0055780816730543,0.9386644090182366,0.0024878697828726,0.2122314689881018,0.0009656897289765,0.999191876672932,3.694868606740451e-05,0.2192178931591433,0.0009828177649719,0.9989711998705452,5.402534358864235e-05,0.0069864241710415,2.620267510246518e-05,0.8045835637507914,0.017385026522747,0.2091593301636639,0.0021938971981962,0.9942865833622604,0.0007598753225286,0.216686430997192,0.0022269704260834,0.9936939908961911,0.0008147387196777,0.0075271008335281,4.943757624975165e-05,0.7285695171027122,0.0219372419609967,0.216686430997192,0.0022269704260834,0.9936939908961911,0.0008147387196777,0.011213378942406,0.0004935881141469,0.2851063251228484,0.0079399581216596,0.9926680055051412,0.000468463150979,0.2851876715182768,0.0079406886143867,0.9927204247496848,0.0004019771469227,0.2728944696419331,0.0082302277279211,0.9915292256242604,0.0005202876545193,0.3828930965391622,0.0017237382984048,0.4695733653286519,0.006734189963491,0.4804660655737705,0.0016209249703373,0.1047408380686575,0.0094976958805504,0.1530342805100182,0.0025299748516387,0.8817698961173437,0.0069422195132711,0.0163934426229508,3.469446951953614e-18,0.0,0.0,0.490653897996357,0.0067715987111866,0.946816531166247,0.0046426447045911,0.2639363442935394,0.0095231321763793,0.977266155043932,0.0236766826514077,0.0796058784235137,0.0042104980839724,-0.3182515849182514,0.0534605206726232,0.3358537339044372,0.0062226424732209,0.4518306867015859,0.0065900910056177,0.2287090220169276,0.0080390302749713,0.0163934426229508,3.469446951953614e-18,0.2560798549512531,0.0044319223614661,0.2647149722968101,0.0045342025240257,0.008635117345557,0.0001401099615716,0.2592850852559661,0.0045368467005699,0.267922967175202,0.0046297407719246,0.0086378819192359,0.00013567921288,0.2679229662199553,0.0046297409930708,83.24822222222222,6.272859749117522
LIRCMOP14_d30,30,0.0,0.0,0.7254044444444444,0.0021646953995515,-0.5981283446894001,0.0050473604364594,0.8767512691440796,0.0013996384607893,-1.4748796138334794,0.0045814563571968,-0.2817547294908449,0.0047022437296205,-0.6223806538522211,0.006308485005748,-0.0831874624309353,0.006634908566947,0.5391931914212857,0.0090414182401929,-0.7360168771582182,0.0114500282436613,-0.9414280030951933,0.0092674696792315,-0.613952874352006,0.0186754754008035,0.327475128743187,0.0196301708189025,20.32618222222222,0.2325667833569267,14.690328290783745,0.2405994882361787,1.0,0.0,72.7,1.7349351572897476,0.8493452745564006,0.0246754851710204,0.1186624217310376,0.0825765317281085,0.1448759385818422,0.0014535928831649,0.2841154152844971,0.0018512148020432,0.0,0.0,0.999999214836704,1.5060687518982008e-06,1.8295649828782987,0.0172750086748539,1.929363304237618,0.0740756123440939,0.0218977777777777,0.005327100061171,0.2285488888888888,0.0062405765007512,0.1525548148148147,0.0030077293204832,0.2156884091979784,0.0018571766972187,0.1557670740440255,0.0254549270237223,3.1936945821444223,0.0545186369507235,2.136760648593334,0.0071697533236029,0.3375927485495086,0.0054880536499286,1.0174425328829266,0.0386799223988359,0.3039232340341727,0.0051666465944191,0.3378762036497491,0.0117150294485233,0.6912512962180113,0.0047165094602867,0.6940397682611941,0.004497104608429,0.995983915173602,0.0028031491982877,0.0011261946340756,0.0003987863106092,0.0258088888888888,0.0010213619568564,0.0238111111111111,0.0008357003420655,0.9230968372475712,0.0252847057773662,0.8413694105423964,0.0162374454865017,0.1314790512195782,0.011357323979639,0.0,0.0,0.1560072595645003,0.0082652732368247,0.0,0.0,0.7940413731676496,0.0056153965894633,0.7811637975109877,0.0021928236418162,0.782683466028662,0.0061098593855117,-36.05412630781665,0.6565943865964347,0.5284832859605716,0.0043731274773978,-0.1332293956969936,0.0224812733877888,0.5514548887235243,0.0039957810303724,0.6649983316649977,0.003593703574998,0.2883139974218785,0.003549525656219,0.2686019352686017,0.0090767237295531,0.0,0.0,0.0,0.0,0.0,0.0,0.0314378102748223,1.5703451349513125e-06,0.077955587464552,0.0087908465069935,0.0055329532971926,8.927060173410345e-06,0.9301793740300084,0.0034591131683762,0.0042549736661273,0.0002079640077216,0.979480742215084,0.0011114989138446,0.0086492825700431,0.0001756452867147,0.9371490386445228,0.0025968900223825,0.1760798724148325,0.00027858383919,0.9331653154958564,0.003303809095437,0.1351914290538327,0.006606951271115,0.9795359638535514,0.0011058587771149,0.2750783258966144,0.0055793715045034,0.9386652456598212,0.0024940780042917,0.2140573372380791,0.0009728271002501,0.999192215435208,3.546616158157581e-05,0.22107121615042,0.0009900086917988,0.9989722120383576,5.221788014170508e-05,0.0070138789123409,2.6326573923545947e-05,0.8045654896847414,0.0174396430141873,0.2110088050102126,0.0022149508337292,0.9942795968752676,0.0007563834570027,0.2185660097278755,0.0022481211373573,0.9936891631995366,0.0008145959833421,0.0075572047176628,4.9302445192495285e-05,0.7279708030486264,0.0220436686854093,0.2185660097278755,0.0022481211373573,0.9936891631995366,0.0008145959833421,0.011664695260317,0.000506391550326,0.2851139907317268,0.0079395504420485,0.9923835438606976,0.0004770397005289,0.2851953337884141,0.0079402757317958,0.9923283990612812,0.0004109033113844,0.2729000993551732,0.0082299454851092,0.9910776678817308,0.0005431375264979,0.3830983788706739,0.0017152985472914,0.4701280653146783,0.0067426626296489,0.4804237704918032,0.0016149614440674,0.1047099614268058,0.0095378869071499,0.1528712932604735,0.0025283641578,0.8821373757014886,0.0069642702405892,0.0163934426229508,3.469446951953614e-18,0.0,0.0,0.4916634790528233,0.0067827489472002,0.9468666977514923,0.0046529065780311,0.2652019765031735,0.0095415420919507,0.977266155043932,0.0236766826514077,0.0799699398797595,0.0042239145005879,-0.3162495829162495,0.0532309483648695,0.335886572840009,0.0079196555955409,0.4514543727815774,0.0110800801267167,0.2290524970013643,0.0095845646693427,0.0163934426229508,3.469446951953614e-18,0.2580951224939206,0.0047507687314092,0.2667454290433494,0.0048468486079925,0.0086503065494288,0.0001375307234199,0.2613111102508306,0.0047580026675764,0.2699697432754189,0.0048444448557087,0.0086586330245882,0.0001339730431615,0.2699697421819086,0.004844444912079,83.76466666666666,6.69192972224062
CS2_d20,20,0.0,0.0,0.0008960000000000001,0.00013290598180668917,0.29274576431642735,0.006920803586688322,0.29274576431642735,0.006920803586688322,0.0,0.0,-2.4478354600215075,0.30109700435011644,-5.584121178259208,0.6056996591388248,0.6884502582161927,0.007597438316054684,6.272571436475401,0.6092798800102082,27.24558920256993,8.932326137668513,-0.20035286902782276,0.02348740783848916,54.69153127416767,17.853381567765545,54.8918841431955,17.842134659462996,101.854976,1.6499768499903258,58.51651115573827,1.3202009673830628,1.0,0.0,236.8,4.093897898091744,0.20637615775776222,0.039100559603576196,-0.9584085543673282,0.03219535354045825,0.00016800032804767075,3.0559960908725206e-05,0.004338487948592455,0.0029022843277598026,0.0,0.0,0.39980692612595525,0.34710852548581167,69.78870129706408,23.639043432863726,5858.1271008848,3534.369972911963,0.0002,0.00011454256850621083,0.46226399999999995,0.021867032354665774,0.14662000000000003,0.003586697645467205,0.0029267288116217732,0.0003191560647135885,0.00010377620446107005,2.049216260434376e-05,1.8556262444737126,0.13757360438559327,1.569546228693706,0.11401710905809742,0.2750655481832478,0.12455552563059333,0.2948331462814457,0.19458365904733715,0.16373355605129977,0.09662958042809516,0.1404136220127156,0.11552311151592011,0.0828666138343532,0.006013796322607838,0.7366818794016904,0.10077868189857468,0.11385773545064656,0.012683324358732867,0.4303750385054352,0.06340706564220755,0.001376,0.000252475741408952,0.00032,8e-05,0.2411849371855766,0.07619481215162895,0.0,0.0,0.21315916330404625,0.032460625591650555,-0.3737609408529695,0.0068110734072195,0.0,0.0,0.0,0.0,0.7925224077943862,0.01174659773226754,0.994864193824214,0.0009401527142949139,0.10155943956243621,0.007499127569445204,-16.130206645706643,6.330356356697006,0.00048365817295890066,0.0005920458341319136,1.1638124289364131,2.6552355413272704,0.8104875878923565,0.0024532520334412888,0.3853853853853852,0.05064708965234638,0.6569291086573852,0.002800459502068429,-1.8428428428428432,0.012819067542408018,0.0,0.0,0.0,0.0,0.0,0.0,0.025621404860971204,3.4292620344160957e-06,0.03439149060884531,0.010183591424624949,0.006227543854223018,0.00013497341427323983,0.877218526061131,0.006188261175256858,5.338601478336617e-05,3.178661416699008e-05,0.7112966055183685,0.021306257200560917,0.006264761895632978,0.00011138834267325116,0.8672825210781923,0.006869339260735859,0.24299306765901513,0.005272407967394019,0.878032900636107,0.0060469097040905615,0.0020949421783317177,0.0012683684061203873,0.7114564256733961,0.02132308957408825,0.2444567106599195,0.004322290725783428,0.8681256221752813,0.0066787238542480734,0.1023719676978572,0.0012543736140033992,0.9665394282860014,0.0012112644370602817,0.10595360779833222,0.0014608581990817058,0.9672934203542217,0.001225006333324736,0.003581640100475013,0.00023424878963141827,0.7321771363748517,0.017463669036167438,0.06302067891923115,0.00679307286858466,0.5660932192524711,0.4120095737465022,0.06396199568640584,0.00679568647181391,0.5662006008704964,0.4070885570270275,0.0009413167671746904,0.00014016415629472095,-0.022803183570637858,0.050989468567352626,0.06396199568640584,0.00679568647181391,0.5662006008704964,0.4070885570270275,0.04433579192546584,0.05654201605829888,4.5188181729804465e-05,2.9552563841411946e-05,0.6756423421251843,0.02896327563864761,2.3545674812682373e-05,5.201565321719741e-06,0.5811994733153921,0.022936341348045126,6.385768489368182e-06,6.288256503461512e-08,0.9735624490890356,0.002087607295794426,0.49902390243902445,0.002569039985781177,0.003003045463606898,0.007120129296186744,0.5007887804878048,0.002497549113920003,0.0029687994573448307,0.007021281845253945,0.024577560975609754,0.00027730924329852087,0.0734834957643046,0.046786953672647305,0.024390243902439025,0.0,0.0,0.0,1.0227178048780483,0.002301118640104339,0.1597879200763595,0.11827162907973204,0.7182644534924711,0.00962502726787555,1.7417417417417422,0.03746740194637218,0.5279258517034069,0.003893929905593863,-0.7681681681681679,0.03793040987480295,0.774326999958657,0.007635334508696693,0.22519947986055136,0.007650700443835978,0.02486376408323073,0.0005007941188882796,0.024390243902439025,3.469446951953614e-18,0.08775473769420186,0.0017612891899101096,0.09475230222931323,0.0017243864762523373,0.006997564535111385,0.0014604404021435302,0.06267792195410797,0.011081996773381406,0.06312845737195669,0.011018387803373665,0.00045053541784869234,0.0002574062041778585,0.06309682500090007,0.011007589316190933,36.190999999999995,3.7142386837681824
