scr,ncr_avg,ncr_r1,dist_x_avg,dist_x_r1,dist_f_avg,dist_f_r1,dist_c_avg,dist_c_r1,dist_f_c_avg,dist_f_c_r1,dist_f_dist_x_avg,dist_f_dist_x_r1,dist_c_dist_x_avg,dist_c_dist_x_r1,dist_f_c_dist_x_avg,dist_f_c_dist_x_r1,hv_single_soln_avg,hv_single_soln_r1,nhv_avg,nhv_r1,hvd_avg,hvd_r1,bhv_avg,bhv_r1,nrfbx,nncv_avg,nncv_r1,ncv_avg,ncv_r1,bncv_avg,bncv_r1,sup_avg,sup_r1,inf_avg,inf_r1,inc_avg,inc_r1,lnd_avg,lnd_r1,nfronts_avg,nfronts_r1
0.0,0.0,0,0.018392882427530146,0.0,0.012477554892905265,0.8314511545613749,0.008031437713944429,0.9218073504366088,0.015727970271767526,0.8827388590995805,0.6785001047463369,0.8575948774425727,0.4370487669018213,0.9277654046832402,0.8554474705435898,0.8970490771332452,0.2173463659444671,0.9993512430265935,0.22779430411715149,0.9990014262759753,0.010447938172684417,0.9390912997165501,0.22448435239090941,0.9988991677047788,0.0,0.6580208439506154,0.9992057869492739,0.6580017939690638,0.9993406272003463,0.6472575818455711,0.9989690251373617,0.4981818181818181,0.0,0.5018181818181817,0.0,0.09090909090909091,0.0,0.09090909090909091,0,1.0909090909090904,0.0
0.0,0.0,0,0.01849083597205284,0.0,0.013666119301129107,0.6956506646927487,0.00977271417827546,0.8809355888955086,0.017814245902983757,0.8407398219863148,0.7407308901048941,0.7477883093514355,0.5290653531863794,0.890152015743198,0.9652315724348284,0.8665108234486991,0.20470923339651778,0.9975381493990373,0.21493794003139072,0.9960046613237871,0.010228706634872957,0.7797705004758307,0.21111853135613975,0.9964859069059714,0.0,0.7030701850608729,0.9984284845968212,0.7029756643290012,0.9985859647222372,0.6904186147665023,0.9983218809992357,0.5039999999999999,0.0,0.4959999999999999,0.0,0.09090909090909091,0.0,0.09090909090909091,0,1.0909090909090904,0.0
0.0,0.0,0,0.018363533419798714,0.0,0.012864184085620066,0.7681445292988378,0.009898448464386317,0.8770703930383289,0.017341818331760777,0.8536863877905961,0.7036685169660511,0.8142169263451828,0.5405011898515083,0.889410520741182,0.9481652023889967,0.8813699350653257,0.19879797322818746,0.998874096541431,0.20904375127093333,0.9983700975524621,0.010245778042745912,0.782823978286904,0.20533191170265577,0.998352007317939,0.0,0.6973008279408787,0.9984020052116244,0.697250535329013,0.9986184260412716,0.6843675048797273,0.998245235215175,0.5019999999999999,0.0,0.49799999999999994,0.0,0.09090909090909091,0.0,0.09090909090909091,0,1.0909090909090904,0.0
0.0,0.0,0,0.018408641164764015,0.0,0.012556018648934011,0.7552696383758507,0.010750303075109874,0.8470877370356327,0.01747474243375567,0.8216416376296134,0.6826592335015653,0.8221305192968519,0.5848774561816747,0.8781907719342588,0.9503584717741609,0.8753963422340175,0.20197800380143907,0.9979717874186809,0.2121432188238884,0.997032900636107,0.010165215022449341,0.7892349744534112,0.20888068899534282,0.9974181756907206,0.0,0.6726850178585865,0.9974481455403297,0.6727106584551623,0.9978836712463965,0.6587575921301853,0.9973827053506412,0.5031818181818182,0.09115062736779947,0.49681818181818177,0.09115062736779947,0.09090909090909091,0.0,0.09090909090909091,0,1.0909090909090904,0.0
0.0,0.0,0,0.018447325063749666,0.0,0.012472363482381742,0.7167745220170068,0.010876501690476688,0.81292954678125,0.01749528126105309,0.7865950640018774,0.6767943496467412,0.7966914369279098,0.5898702370629455,0.8401826114691844,0.9491646320508996,0.8388979881685291,0.20581435218674052,0.9978768708588347,0.21604237521534686,0.9971264210101884,0.01022802302860636,0.7110143650664692,0.2131248460437888,0.9972132613575497,0.0,0.6655533863619201,0.9977307407608006,0.6654968880437797,0.998170767962351,0.6513705048518246,0.9976158081929623,0.5019999999999999,0.0,0.49799999999999994,0.0,0.09090909090909091,0.0,0.09090909090909091,0,1.0909090909090904,0.0
0.0,0.0,0,0.018375430731286932,0.0,0.011770888222726412,0.762725559226561,0.007882973617744225,0.9302502061179413,0.015127855920843397,0.8713908898878838,0.6422907087348011,0.8113640975644983,0.4307611986723648,0.9416430939957992,0.8256737298204013,0.9061345152767998,0.18839764284440258,0.9992135020792333,0.1978080260895036,0.9989455427371257,0.009410383245101031,0.919767523034056,0.19453955456872246,0.9989309188948465,0.0,0.7324260690739036,0.9993294938224796,0.7324742288120037,0.9994256260268283,0.7221091325593773,0.9992654377824718,0.4935454545454545,0.0,0.5064545454545454,0.0,0.09090909090909091,0.0,0.09090909090909091,0,1.0909090909090904,0.0
0.0,0.0,0,0.018416116373392865,0.0,0.012948223581333958,0.7077456173608477,0.009785004705425074,0.8816846545944741,0.017395801112237756,0.8003755378625117,0.7036571468105545,0.7587423977083295,0.5325999826147304,0.889355335295215,0.9457808592718623,0.8323738528107264,0.2230309811760938,0.9990829390005846,0.23323563168006672,0.9987030150857366,0.01020465050397297,0.73755371099578,0.23006481318738972,0.0,0.0,0.6784472585484437,0.9988763352530885,0.6785374197332849,0.999023705067793,0.6657795439502007,0.9987530977871659,0.492090909090909,0.06938014166651478,0.5079090909090909,0.06938014166651478,0.09090909090909091,0.0,0.09090909090909091,0,1.0909090909090904,0.0
0.0,0.0,0,0.018334446680573456,0.0,0.012999476849725602,0.6963853231989504,0.010404319258097204,0.8377005903699288,0.017700640006798992,0.8003638147165201,0.710064393866849,0.7519439238838035,0.5676106767744316,0.8574820632255501,0.966577236358175,0.8450280862024347,0.21574723815295818,0.9983808271036873,0.22624719342652239,0.998097871260594,0.01049995527356421,0.7536074895582757,0.22289564685941116,0.9981824537599273,0.0,0.6635177837886594,0.9983007095271624,0.663568370289544,0.9984536761210107,0.6500257033656415,0.9981968983011066,0.4985454545454545,0.06966241209791572,0.5014545454545454,0.06966241209791572,0.09090909090909091,0.0,0.09090909090909091,0,1.0909090909090904,0.0
0.0,0.0,0,0.018461660798319415,0.0,0.012856556377753197,0.8254322458731275,0.009670375874538655,0.9093059873500754,0.017107410115458844,0.8928134346771619,0.6982098460733546,0.8643937966022133,0.5245850973342594,0.9236017861548922,0.9287269835370937,0.9185181293517966,0.17949175750908156,0.9983227475972964,0.1891742060236626,0.9978488989991994,0.009682448514581062,0.8690745815956236,0.1856863183721481,0.9976603537405139,0.0,0.7083459239109525,0.9987569011897669,0.7082865114082252,0.9989584333832829,0.6958455156504082,0.99859510011013,0.5034545454545455,0.0,0.4965454545454545,0.0,0.09090909090909091,0.0,0.09090909090909091,0,1.0909090909090904,0.0
0.0,0.0,0,0.01842207762020506,0.08837380466638982,0.013047723420463175,0.7985035055095174,0.010212236649276103,0.8715229016591741,0.017525368535130207,0.8735289798816852,0.7097981183708327,0.8414957001089265,0.5544922056832364,0.8833962940896807,0.9527619040850873,0.8977008431276968,0.1912735015580383,0.998043979851595,0.20163587814527179,0.9974377945079348,0.010362376587233494,0.8355063400073419,0.19802955411199769,0.9975514271786815,0.0,0.6876642164493387,0.9981504149440019,0.6875777296279582,0.9984465266870075,0.6744005654863128,0.9980624432047277,0.5015454545454545,0.0,0.4984545454545454,0.0,0.09090909090909091,0.0,0.09090909090909091,0,1.0909090909090904,0.0
0.0,0.0,0,0.01835670630651686,0.0,0.012039004759385812,0.8182806453748337,0.008061579222375374,0.9249672919412396,0.015370326304468407,0.882424933951988,0.6554344227524277,0.8551990828503854,0.4378761669828814,0.9340104593571525,0.8363365088009596,0.9066911962062262,0.21393062075284996,0.9996215975494529,0.22379426533907554,0.9994336300228083,0.009863644586225554,0.9405439226801952,0.22071553347704836,0.9994452207718739,0.0,0.6780789090898653,0.999553256663477,0.6780511319690197,0.9996222354619148,0.6674063581886901,0.9994575096138221,0.502090909090909,0.0,0.49790909090909086,0.0,0.09090909090909091,0.0,0.09090909090909091,0,1.0909090909090904,0.0
0.0,0.0,0,0.018452460785023116,0.0,0.01366949187116537,0.7410990990990989,0.010166674848748633,0.8597009394163702,0.01818387257391334,0.8121581060017933,0.7416833228759813,0.7912504287854988,0.5507992985600831,0.8744449981043166,0.98617016967008,0.8463348920062346,0.1984680039638781,0.9988402390366317,0.2088230338625829,0.9982324288216071,0.010355029898704841,0.718242767817918,0.20509122157355286,0.9982737607346825,0.0,0.6791766159747488,0.9987403275018504,0.6791227656668802,0.9989007083235539,0.6660492242519833,0.9986882714377704,0.49990909090909086,0.0,0.500090909090909,0.0,0.09090909090909091,0.0,0.09090909090909091,0,1.0909090909090904,0.0
0.0,0.0,0,0.01845305056703353,0.0,0.0134288699743411,0.8105413589942647,0.010526799138588885,0.8602580175365745,0.018050575637377178,0.8495902074419107,0.727227832454596,0.8525215596357879,0.5705361595531283,0.8728634686790998,0.9776572209635781,0.8763762600275625,0.1938029052169793,0.9985403118549409,0.2041363738736852,0.9978138499220662,0.010333468656705851,0.8233110184332627,0.20088314889874204,0.9979606299686458,0.0,0.6623637735583202,0.9982822461740295,0.6624561474233469,0.998485535635836,0.6484843809005268,0.9981548562590645,0.5019999999999999,0.0,0.4979999999999999,0.0,0.09090909090909091,0.0,0.09090909090909091,0,1.0909090909090904,0.0
0.0,0.0,0,0.018406511207503414,0.0,0.012879164235425483,0.7299997713144005,0.009700277929453802,0.8815592145251463,0.01722441891074783,0.8023143223383702,0.701430989317195,0.7837320767661448,0.5278236227490987,0.8916656616536375,0.9378421307015439,0.8429956489555687,0.2335449691136747,0.9987472629767722,0.24389441558221733,0.9984862216899305,0.010349446468542627,0.7376580558517715,0.241365387840491,0.0,0.0,0.6658139774419953,0.9986112164268475,0.6658498635678199,0.9987282071650808,0.6533198272580908,0.9985197782953292,0.5022727272727272,0.0,0.49772727272727263,0.0,0.09090909090909091,0.0,0.09090909090909091,0,1.0909090909090904,0.0
0.0,0.0,0,0.01844246847642362,0.10168075490319978,0.012600908513155186,0.8527886523798346,0.009706127955460048,0.8956698020665955,0.016842286733222994,0.8848745178043773,0.6833358839469461,0.8724891223889217,0.525799623995282,0.9040430530731131,0.9129972412506561,0.9004838866923033,0.19368115093920274,0.9986846967207689,0.20328400771081104,0.9980771031552594,0.009602856771608298,0.8601407138601526,0.20046677224109435,0.9980912455541713,0.0,0.6654260545424932,0.9985488695107932,0.6654550359720968,0.9987697436915871,0.6525808654164404,0.9983734796921168,0.5034545454545454,0.0,0.4965454545454545,0.0,0.09090909090909091,0.0,0.09090909090909091,0,1.0909090909090904,0.0
0.0,0.0,0,0.01847289633488035,0.0,0.01277510457549222,0.8187668068870472,0.00941687251381576,0.9117154669699759,0.016861464606297154,0.8855855735495012,0.6935017839544144,0.8509448205720749,0.5098238135967271,0.9217660064874493,0.9145019036622779,0.9053805749637412,0.2086430969010714,0.998701992573736,0.21904926517853665,0.9979974964944903,0.010406168277465254,0.8747329854905003,0.21548996863991288,0.9982310205997579,0.0,0.661744970050891,0.9986212665571381,0.6616527044379565,0.9987901689264413,0.6492453036138229,0.9984693591386976,0.5049090909090909,0.0,0.495090909090909,0.0,0.09090909090909091,0.0,0.09090909090909091,0,1.0909090909090904,0.0
0.0,0.0,0,0.018386713130111462,0.0,0.01223626357126611,0.7717016495453368,0.008751572980881151,0.8988812339393499,0.01601427690963629,0.8602611348823772,0.667201218538412,0.8332758851035402,0.4775790044227472,0.9104679509168484,0.8733993460984264,0.894112176304561,0.18053444167102561,0.9989649449048245,0.18929829258201655,0.9984650020762244,0.008763850910990975,0.874152220356629,0.18664997699709357,0.9984450462486532,0.0,0.7125051711023177,0.9991037209554242,0.7127238531280964,0.9992382362322241,0.7012459805344945,0.9990594522378088,0.48881818181818176,0.0,0.5111818181818182,0.0,0.09090909090909091,0.0,0.09090909090909091,0,1.0909090909090904,0.0
0.0,0.0,0,0.018402164229217595,0.0,0.013090950742165633,0.7607857276113787,0.01173375890391302,0.7896335493810442,0.01854239269159305,0.8132781960317029,0.7118416998546097,0.8113555880529827,0.6375923060060563,0.8077390697310536,1.0079963647468932,0.8461859695366708,0.20861193718998394,0.9971904737303138,0.2190345856616467,0.9960237341197858,0.010422648471662768,0.6422412325954616,0.21587048710065732,0.9961893419460508,0.0,0.6584026047987657,0.9958877153706812,0.6582203330572072,0.9965526488412257,0.6433370354869351,0.9956854610121142,0.5056363636363636,0.0,0.49436363636363634,0.0,0.09090909090909091,0.0,0.09090909090909091,0,1.0909090909090904,0.0
0.0,0.0,0,0.01842498263178325,0.0,0.013534432697020102,0.7997250958373201,0.01037646696022797,0.871199191175143,0.018111585944110657,0.8467013546612743,0.7336324352024076,0.839378625118104,0.5632113891417911,0.8868853984244763,0.9821516753303023,0.8783862740496005,0.19496156591347177,0.9984271004471403,0.20508164565855658,0.9977687747868107,0.010120079745084757,0.768149548345941,0.2013221828885034,0.9978563252631387,0.0,0.6835251900754017,0.9980663549320862,0.6834681070944655,0.998349539920682,0.6700895442424066,0.9979566821330346,0.4996363636363636,0.0,0.5003636363636363,0.0,0.09090909090909091,0.0,0.09090909090909091,0,1.0909090909090904,0.0
0.0,0.0,0,0.018478438651685834,0.08346019366059446,0.012314073611364898,0.7011382645170219,0.009916475779449353,0.9012138029813379,0.016755321398494602,0.844203734796921,0.6671813545615937,0.7560098575529436,0.5372515776539118,0.9140221463948918,0.9078687097543698,0.8813476442374236,0.21475423084147063,0.9985478584797219,0.22548873232232342,0.9975620911492654,0.010734501480852728,0.8402350647240426,0.22196949536000132,0.9978553503403201,0.0,0.6840186457812445,0.9986695553268699,0.6840383753340151,0.9988009051135303,0.6708705591092723,0.9985363399471614,0.4982727272727272,0.0,0.5017272727272727,0.0,0.09090909090909091,0.0,0.09090909090909091,0,1.0909090909090904,0.0
0.0,0.0,0,0.018474043943366797,0.0,0.012667811986550091,0.7990335265124843,0.009359389513757557,0.9077315110701882,0.016761279989703753,0.8628566201472012,0.686120169551708,0.8472453254858063,0.5076383103819283,0.9221270649406921,0.9081847900166671,0.8949930973057223,0.2058925327106364,0.9989341469036562,0.21514150204769422,0.9986035616603033,0.00924896933705783,0.7996476128311523,0.212543622214017,0.9986084858523663,0.0,0.6872178462655875,0.9983869360342306,0.6871628697534432,0.998701992573736,0.674915090842616,0.998540047061089,0.5105454545454545,0.0,0.48945454545454536,0.0,0.09090909090909091,0.0,0.09090909090909091,0,1.0909090909090904,0.0
0.0,0.0,0,0.01845563357103996,0.0,0.013748386867660731,0.7483110364873891,0.010260911878997029,0.8312863203885247,0.018193803977330864,0.8177687025703057,0.7464994308615421,0.7915802415642094,0.5568877846210333,0.8468488207646523,0.987692271478504,0.8497235672546292,0.19303494810020158,0.9987311921139573,0.2034517833978782,0.9982314779709566,0.01041683529767658,0.7912111309706499,0.20003769093965348,0.9982859532879572,0.0,0.6766588131702089,0.9988185620490229,0.6764937596491996,0.9989835767631358,0.663319446040611,0.9988003755258262,0.5082727272727272,0.0,0.4917272727272726,0.0,0.09090909090909091,0.0,0.09090909090909091,0,1.0909090909090904,0.0
0.0,0.0,0,0.01832789571632667,0.0,0.013662348890107723,0.7608495068214507,0.010162290364210395,0.8892523304867994,0.018228942879224448,0.83719805978323,0.746340317980684,0.8121962483525608,0.5539634769284515,0.8994403943021176,0.9950808857599243,0.8703365890941039,0.20349185700905453,0.9989647375146001,0.21376657443341057,0.9986061619795088,0.010274717424356048,0.7305204077156532,0.21009405740506853,0.9986469202443755,0.0,0.68478410331214,0.998792154880331,0.6847844802575509,0.9989440743348559,0.6717264921337094,0.9987160025757218,0.4915454545454545,0.0,0.5084545454545454,0.0,0.09090909090909091,0.0,0.09090909090909091,0,1.0909090909090904,0.0
0.0,0.0,0,0.01841339594924288,0.0,0.012616261868407556,0.7154879970150511,0.010989673983937766,0.8297281289305336,0.017617526465163222,0.8266552925671161,0.6856983989680491,0.7773066011903687,0.5976671506242107,0.8549371415503679,0.9577992539786171,0.8723153815137782,0.2150612111452276,0.9985168655629576,0.2258555080607996,0.9977560165375795,0.010794296915572012,0.8054392388380363,0.2225742370100449,0.9980966738281366,0.0,0.662978846845094,0.9982273134858304,0.6628568653968657,0.9984957301991368,0.6485474106933627,0.998178916391341,0.5117272727272727,0.10136852126934756,0.4882727272727272,0.10136852126934756,0.09090909090909091,0.0,0.09090909090909091,0,1.0909090909090904,0.0
0.0,0.0,0,0.018371273833681607,0.0,0.013745030896911052,0.7531128443072329,0.010051639095010207,0.879613316723537,0.018224951676410767,0.7893477044178446,0.7489803645827732,0.8204281716586325,0.5486841017717166,0.8958657013727152,0.9936522558443218,0.8410108505298886,0.204160971464071,0.9986593187924094,0.21422197030053178,0.9983232265673098,0.010060998836460753,0.7145112175371452,0.2114349678502842,0.0,0.0,0.6875122303271051,0.9986711561260659,0.6874286172439099,0.9988064778205058,0.6743155632114222,0.9985795133811164,0.5027272727272727,0.0,0.49727272727272726,0.0,0.09090909090909091,0.0,0.09090909090909091,0,1.0909090909090904,0.0
0.0,0.0,0,0.018369344580236216,0.0,0.013751576533659774,0.7373920814602176,0.010764253588440095,0.8713735699627482,0.01850622909530042,0.8308504576721009,0.7513964473196267,0.7836037961809503,0.5864623029700982,0.8847156414931965,1.010244484619319,0.8663482400235907,0.19942439299547304,0.9980645992515179,0.20973633676049583,0.9970831919640878,0.010311943765022761,0.7414358042236908,0.20611845776223164,0.9973890543236271,0.0,0.6891193171587734,0.9981498372119613,0.6890789579292536,0.9983344346350357,0.6752168839190718,0.998040718072782,0.5042727272727272,0.08149554518519242,0.4957272727272726,0.08149554518519242,0.09090909090909091,0.0,0.09090909090909091,0,1.0909090909090904,0.0
0.0,0.0,0,0.018402060243930183,0.0,0.012824640280056898,0.7572353957163575,0.01003675200825996,0.8839221626436053,0.01732632460029937,0.8586772223124927,0.697321222230644,0.8103245530099237,0.5458644021103591,0.8997482652993675,0.9421954564403714,0.8882077548490372,0.19926888331814854,0.9983060535485383,0.2095858137818256,0.9972619834263121,0.01031693046367707,0.8098945398304115,0.20608385991590858,0.9973391347259082,0.0,0.697802877046821,0.9986898842730504,0.6977496825017506,0.9988339200924371,0.6845859193291928,0.9985776357519843,0.502,0.0,0.498,0.0,0.09090909090909091,0.0,0.09090909090909091,0,1.0909090909090904,0.0
0.0,0.0,0,0.01841876844961954,0.06805617240486977,0.012855824997395494,0.7376733767835971,0.010180138275329877,0.8730322266153929,0.017506885538267705,0.8335278003454355,0.6988741636073199,0.7840269247203113,0.5519674067072255,0.8917972641980657,0.9508927293435278,0.8698104557463274,0.19108063385872143,0.9981806255152947,0.20102220157298661,0.997623126132144,0.00994156771426519,0.7611429224815996,0.19760195162912952,0.9976408673202259,0.0,0.6994844505044621,0.9982636744961393,0.6995403690832891,0.9984955978022109,0.6864408897199412,0.998059867482713,0.49799999999999994,0.0,0.5019999999999999,0.0,0.09090909090909091,0.0,0.09090909090909091,0,1.0909090909090904,0.0
0.0,0.0,0,0.018449437867785363,0.0,0.013156187263605984,0.7809875486709152,0.010726133271359633,0.8554966389234925,0.0180136102294225,0.8436144481154499,0.7145111127782799,0.8188886963115419,0.5811006572444163,0.8689185578363934,0.9774426833004445,0.8750681061823344,0.2104747506595424,0.9978058653719901,0.2212136780624283,0.9972417577431018,0.010738927402885911,0.7674679842227816,0.21781846530462629,0.0,0.0,0.667892889739403,0.9978891476646987,0.6679066479534189,0.9982206816034469,0.6539372844531257,0.9977570877490716,0.5008181818181817,0.08302203338934735,0.4991818181818181,0.08302203338934735,0.09090909090909091,0.0,0.09090909090909091,0,1.0909090909090904,0.0
0.0,0.0,0,0.01840847486280989,0.0,0.012536264927310848,0.766942088380966,0.011248036190716036,0.8498629932537747,0.017766426086493908,0.8332172693735818,0.6817385990374476,0.8255115395957078,0.6118625301204604,0.8691463286934228,0.9662670169339675,0.8706984539649869,0.2037854080209583,0.9980257692562301,0.21397311567424565,0.9972140437030215,0.010187707653287381,0.743729886198824,0.21087666292499146,0.997525898644135,0.0,0.6644979082262739,0.9965199106922552,0.6645582807954077,0.99695730199137,0.6501883018173725,0.9961754620351814,0.49690909090909086,0.0,0.503090909090909,0.0,0.09090909090909091,0.0,0.09090909090909091,0,1.0909090909090904,0.0
0.0,0.0,0,0.01839466645692454,0.0,0.012274795456347647,0.7537844457684135,0.009754801691753027,0.8826426546787267,0.016614904609324382,0.869266990437331,0.6695361974616716,0.7978027526524519,0.532438313879916,0.893361341301221,0.9064320621255524,0.8902388681266434,0.19849970596347577,0.9985767932260917,0.20870291793736617,0.9980648985659004,0.010203211973890422,0.8604299048547545,0.20532882504000338,0.9982155542315861,0.0,0.6959940708954557,0.9985667551318852,0.696191923593878,0.9988192842140736,0.6832811337545065,0.9985141935522696,0.4940909090909091,0.0,0.5059090909090909,0.0,0.09090909090909091,0.0,0.09090909090909091,0,1.0909090909090904,0.0
0.0,0.0,0,0.018477242119694058,0.0,0.013772499961027381,0.7501705994571725,0.009658394839913598,0.8878567705982535,0.01808573576425741,0.8152840214964462,0.7468626754455359,0.8009555928674165,0.5225719865738522,0.8961368623132148,0.9801089362095374,0.8476915633067937,0.21990235521716017,0.998731110911636,0.23038540065365098,0.9979734649104798,0.010483045436490831,0.7594206965235989,0.22747964579865235,0.0,0.0,0.6704522371665044,0.9986276577178379,0.67041507360858,0.9988457154549336,0.6578033795932513,0.9985436458502589,0.4985454545454545,0.0,0.5014545454545454,0.0,0.09090909090909091,0.0,0.09090909090909091,0,1.0909090909090904,0.0
0.0,0.0,0,0.018406771909649868,0.0,0.012775219004602352,0.84798252360577,0.01049572184308258,0.8804550963789438,0.017443222688903946,0.8870139678756912,0.6951371676641698,0.8825550680941461,0.5701939560681015,0.8985845565003879,0.9486516035966277,0.9130949947943934,0.1936873962767275,0.9981610428063332,0.20386864848387246,0.997459640000722,0.010181252207144933,0.8640752375622114,0.20048901183245726,0.9975532566634769,0.0,0.6760961286118431,0.9979102108120141,0.6759907356530019,0.998316837879964,0.6625656422779814,0.9977724939368225,0.5049090909090909,0.0,0.495090909090909,0.0,0.09090909090909091,0.0,0.09090909090909091,0,1.0909090909090904,0.0
0.0,0.0,0,0.018445079612841715,0.0,0.012949415492131681,0.781997941829605,0.010264039656951912,0.8940068726040669,0.017651761730629194,0.8441276065644802,0.7019481644873731,0.8154941715262356,0.5575392764014508,0.9032325070561542,0.9574429728797131,0.8713174095939625,0.22181193529581603,0.9984795454990738,0.23220774923868095,0.9980245792524836,0.010395813942864901,0.7750442054288458,0.22921012220974235,0.9980747984700489,0.0,0.6604929124880117,0.9984664945506626,0.6605868736089957,0.9985904180733837,0.6469939258073034,0.9983559912618029,0.49490909090909085,0.07812171582940572,0.505090909090909,0.07812171582940572,0.09090909090909091,0.0,0.09090909090909091,0,1.0909090909090904,0.0
0.0,0.0,0,0.018514502376506252,0.0,0.013502989644687333,0.7324265467872682,0.011005467325781337,0.8566357700385755,0.01863646274173675,0.7284981013077205,0.7290886911678752,0.777974387212864,0.5949602259058239,0.8702879151696785,1.0067168812153955,0.7756088874445586,0.23163941795653306,0.9981142532967363,0.24249594213041115,0.9975577630402268,0.010856524173878064,0.6746668271613943,0.24030198768876754,0.0,0.0,0.6545158653742194,0.9981865472687115,0.6546916927355069,0.9984044605727971,0.6401547130845923,0.9980748764796858,0.4955454545454545,0.0,0.5044545454545454,0.0,0.09090909090909091,0.0,0.09090909090909091,0,1.0909090909090904,0.0
0.0,0.0,0,0.018397905969596864,0.11491848561988842,0.012825868218908859,0.8391813055540509,0.010316008468079424,0.8972733093815257,0.01736466561164118,0.902625996738221,0.6964969614534539,0.872301299295287,0.5596173338955447,0.908895641132114,0.942713427104129,0.9246571822323323,0.2007072732813843,0.9986602514337984,0.21127639931120798,0.9982271690528202,0.01056912602982366,0.8794186450980038,0.20777605439521357,0.9982910565876497,0.0,0.6815645895361665,0.9985526608773102,0.6814713560469999,0.9987589352879933,0.6682910217850906,0.9983703382741458,0.5002727272727272,0.08048626204857066,0.49972727272727263,0.08048626204857066,0.09090909090909091,0.0,0.09090909090909091,0,1.0909090909090904,0.0
0.0,0.0,0,0.018447906384662927,0.0,0.012837648006132667,0.7494423441477549,0.011852359324672122,0.8062776965342096,0.018382440408037583,0.8065922234860109,0.6967522785194042,0.8126058724054714,0.6422701863477186,0.8277911137590496,0.9970620287653387,0.8478128870353318,0.20202851137262698,0.9963587190663982,0.2123745002748951,0.995059505623073,0.01034598890226814,0.65948922381257,0.2094584846673395,0.0,0.0,0.6529332790358663,0.9941341541942741,0.6532657846498982,0.9952388139642647,0.637942264255985,0.9935062677908368,0.4871818181818181,0.0,0.5128181818181817,0.0,0.09090909090909091,0.0,0.09090909090909091,0,1.0909090909090904,0.0
0.0,0.0,0,0.018425432540302444,0.0,0.012293559367467389,0.8170816708492057,0.010593907609800385,0.872928403353253,0.017126246234936467,0.8770333820794741,0.6665416896148522,0.8531716044702016,0.5739507114897271,0.8907787346464698,0.9282826550687756,0.9051173217305482,0.18718161897388874,0.9980207141008742,0.1967970700079336,0.9975502235702636,0.009615451034044842,0.846068545499407,0.19378613045706086,0.9977259263271286,0.0,0.6983098815650269,0.9979723651507217,0.6983670185565789,0.9982151329686398,0.6847853115660182,0.9978119722929341,0.5054545454545454,0.0,0.4945454545454545,0.0,0.09090909090909091,0.0,0.09090909090909091,0,1.0909090909090904,0.0
0.0,0.0,0,0.018429869067443806,0.0,0.013566904975497564,0.7391783085690901,0.009748125960228112,0.8838036673948496,0.017851805695550282,0.8483949400302103,0.7374714345657392,0.7845244121877386,0.529683464105225,0.8945816076597638,0.9703123979226482,0.8748703653553352,0.19021809792042838,0.998328392520777,0.20028804538251752,0.997529834443662,0.010069947462089146,0.7456689836128713,0.19649114893642056,0.9977487948870714,0.0,0.7075955139759524,0.9977638159201282,0.7074012023041975,0.9980935083379971,0.6949802941608488,0.9976297580145272,0.5055454545454545,0.0,0.4944545454545454,0.0,0.09090909090909091,0.0,0.09090909090909091,0,1.0909090909090904,0.0
0.0,0.0,0,0.018393824239533143,0.0,0.012856350996833413,0.7710875203861175,0.009613589218094788,0.9044504504504505,0.017037787520522176,0.8753321537970835,0.7001442374515423,0.8179716550217551,0.5228564022000621,0.9201199756871099,0.9275219106925442,0.9056274230141965,0.1942763372820586,0.9987400933529923,0.20411932778143727,0.9982302399006991,0.009842990499378633,0.8611452603277782,0.20075049366743503,0.9983373241807885,0.0,0.699831965783805,0.998791348462691,0.6998243565916351,0.9990145817159845,0.687220895443342,0.9988414907893864,0.5029999999999999,0.0,0.4969999999999999,0.0,0.09090909090909091,0.0,0.09090909090909091,0,1.0909090909090904,0.0
0.0,0.0,0,0.01841153773973478,0.0,0.013045180339966343,0.7048044316861951,0.010075502988177103,0.8734805827871959,0.01756669111178121,0.8063365168775988,0.7096754482062567,0.7680550771212092,0.5474269547519611,0.8818823833853892,0.9552419325065887,0.8425738082772148,0.19376665919549857,0.998934162948458,0.20366278491960613,0.9985910618822499,0.009896125724107578,0.7540630389419404,0.20058099742988075,0.0,0.0,0.6923821344403585,0.9986915813609197,0.6925492527363057,0.9988772981398232,0.6794162798097816,0.9986667509192556,0.491090909090909,0.0,0.5089090909090909,0.0,0.09090909090909091,0.0,0.09090909090909091,0,1.0909090909090904,0.0
0.0,0.0,0,0.018422577116096194,0.0,0.013532254230804775,0.7590447200707721,0.010097819912632517,0.872721286416677,0.018000363895799204,0.8306376717398761,0.7349590783444186,0.8115574331846875,0.5477045974242637,0.884264661455042,0.9772097269802343,0.862797077638761,0.1999849521085647,0.9984563722038671,0.21046802853596075,0.9973290003430283,0.01048307642739601,0.7856059386039345,0.20651588434939708,0.997138878357315,0.0,0.6909908071449966,0.9986332665330659,0.6910608096808414,0.9988310555044019,0.6778924691302691,0.9985060691954478,0.49963636363636355,0.0,0.5003636363636363,0.0,0.09090909090909091,0.0,0.09090909090909091,0,1.0909090909090904,0.0
0.0,0.0,0,0.018489216319637153,0.0,0.012481289814532438,0.7945869757533084,0.010202203470706156,0.859106513326954,0.01698922784593907,0.8596704881233939,0.6759924912330585,0.8405385666227347,0.5518543079946592,0.8797926543778246,0.9196052795840245,0.9015016820427639,0.20872149340901036,0.998015959847623,0.21916920911979434,0.9974008076212482,0.010447715710783978,0.8693045069117211,0.21591181861166642,0.9975204583340854,0.0,0.6750527422849562,0.9981145113048918,0.6750648082225348,0.9983470965955934,0.6619134575550515,0.9978204577322812,0.49890909090909086,0.0,0.501090909090909,0.0,0.09090909090909091,0.0,0.09090909090909091,0,1.0909090909090904,0.0
0.0,0.0,0,0.01846239633142994,0.0,0.013204101732345127,0.6773923943984064,0.008452785063141096,0.9119541425192726,0.01696172952370687,0.7736536977859622,0.716061521202323,0.7160173078890512,0.4570461286610887,0.9175542676945482,0.9191884911188274,0.799552125271564,0.26206122747734456,0.9991345267637325,0.27316407242646246,0.9986543103018102,0.011102844949117908,0.8361296027897503,0.27121684325176826,0.0,0.0,0.6623947439616891,0.9991557529473358,0.662404837816585,0.999327977275873,0.6511775639451824,0.9990311915121531,0.4959090909090908,0.0,0.504090909090909,0.0,0.09090909090909091,0.0,0.09090909090909091,0,1.0909090909090904,0.0
0.0,0.0,0,0.018483832658063123,0.0,0.011595506061385876,0.7658370916006185,0.005862306862399621,0.9336010362600753,0.013793965168535807,0.8458070615705885,0.6285013504639158,0.7975940710249326,0.3179231821308496,0.9386075002476425,0.7476635291219537,0.8668477495531601,0.21945578054845935,0.9997230497030095,0.22911232272130314,0.9996224761835983,0.009656542172843808,0.9637022272773774,0.22607261041277799,0.9996294450763387,0.2608695652173913,0.7085105745820501,0.9994740705693398,0.7085926574216582,0.9995296963181938,0.7006744700564362,0.9994311913723429,0.4855454545454545,0.0,0.5111818181818182,0.0,0.09418181818181816,0.594634270270878,0.09090909090909091,0,1.0773636363636359,0.8086545664132064
0.0,0.0,0,0.018308956622841824,0.0,0.012753644098348995,0.8193490524592728,0.00986000372995983,0.8951345814752628,0.017091924472851724,0.8941498131397929,0.6977160240928822,0.8601462504588755,0.5400736008491281,0.9052898951055262,0.9354288295877968,0.9176621952613934,0.18202131091089477,0.9982727737757796,0.19177446177692886,0.9977618058940703,0.009753150866034108,0.8829918936973044,0.18839298167555102,0.9978163293554073,0.0,0.6986354434077101,0.9983284767733663,0.6985799826390939,0.9985385064423139,0.6857652425530856,0.9983062701980536,0.5015454545454545,0.0,0.4984545454545454,0.0,0.09090909090909091,0.0,0.09090909090909091,0,1.0909090909090904,0.0
0.0,0.0,0,0.018386893236003257,0.0,0.012957303349710483,0.7267686845161794,0.009440953300165809,0.9115082417086424,0.01712420723547572,0.8436714149018757,0.7059465768185181,0.784063201478031,0.5150383702111305,0.9229803631286596,0.933311408328735,0.8801750287361508,0.1982259123199738,0.9985180806946176,0.20825341282976212,0.9978469960039953,0.01002750050978835,0.8044602177452924,0.2048797558635713,0.9978066741552419,0.0,0.701104824395672,0.9985445726287407,0.7011337862321281,0.9987943815559044,0.6885898654726034,0.9983059572598648,0.49599999999999994,0.0,0.5039999999999999,0.0,0.09090909090909091,0.0,0.09090909090909091,0,1.0909090909090904,0.0
0.0,0.0,0,0.01839598135871946,0.0,0.012378614079415718,0.7864274856018342,0.010831234740149194,0.8453039532518489,0.01733447105149667,0.8566037781268241,0.6724412805659054,0.8412964066270678,0.5902583075789095,0.8565965324041475,0.9427688331984091,0.886470707180126,0.1956642251402863,0.9962937406344219,0.20561859396887358,0.9954415016218622,0.00995436882858726,0.827735904240914,0.20257406510317771,0.9954875877881888,0.0,0.6733478868606331,0.9972016224641475,0.6732279334951986,0.9977796915151623,0.6593840227882366,0.9976633868337275,0.5025454545454545,0.0,0.49745454545454537,0.0,0.09090909090909091,0.0,0.09090909090909091,0,1.0909090909090904,0.0
0.0,0.0,0,0.01835311639448782,0.0,0.013490907181759075,0.7500437391299114,0.010823134792998743,0.8479981945873728,0.018361517271269376,0.8204905306107709,0.7365094505996164,0.7978699621465151,0.5899891916600206,0.8692762100778131,1.0019345833558249,0.8573524225628432,0.19773687062472742,0.997829713481016,0.20824082933808372,0.9966259847021368,0.0105039587133563,0.7734956158563373,0.20431782105712634,0.9966422695240329,0.0,0.6837405645931471,0.9977269855025365,0.6837725353717747,0.9979851354360371,0.6698562367026921,0.9975813368478699,0.4992727272727272,0.0,0.5007272727272727,0.0,0.09090909090909091,0.0,0.09090909090909091,0,1.0909090909090904,0.0
0.0,0.0,0,0.018394537586985286,0.0,0.012228279935021454,0.7328269391636123,0.00937956858627266,0.8829284394615055,0.016320843301111162,0.8616951380237952,0.6666747982304707,0.7913253173012691,0.5114894716144377,0.8948201748843031,0.8898429656355724,0.889805966286928,0.19857461230650597,0.9988770453820554,0.20862247209351778,0.9985310922144588,0.010047859787011823,0.8818950694181155,0.20522640608667356,0.9986042836423598,0.0,0.7050836368963974,0.9987346464701172,0.7050823908497592,0.9988923552811326,0.6927487010683767,0.9986265263259249,0.49927272727272726,0.0799012592364125,0.5007272727272727,0.0799012592364125,0.09090909090909091,0.0,0.09090909090909091,0,1.0909090909090904,0.0
0.0,0.0,0,0.01847133592796865,0.0,0.012964790088639438,0.7046107229473961,0.010768652250695426,0.8594577021911689,0.017782305098006566,0.8206348914044302,0.7043263787694951,0.7759009430271954,0.5844198091267822,0.8752566032966833,0.9656894494153941,0.8605953649039819,0.22443627311181946,0.9986783421201719,0.23506646797179825,0.998233007902785,0.010630194859978785,0.7780645380557847,0.23171644642255398,0.9982930988130331,0.0,0.6545763368022652,0.998490205636498,0.6545673126535139,0.9986307148832197,0.6404889756438554,0.9984766289335427,0.49799999999999994,0.0,0.5019999999999999,0.0,0.09090909090909091,0.0,0.09090909090909091,0,1.0909090909090904,0.0
0.0,0.0,0,0.01842979773556313,0.07004311325353409,0.012929439485019371,0.7399165056840407,0.010368498339834489,0.8742541900618053,0.01760755782296424,0.840455168595449,0.7027257174990584,0.7894884543862497,0.5639351659554273,0.8899506761270286,0.957117506451942,0.8764876780588202,0.21991315995032626,0.9979504354053451,0.23055723323715965,0.9972142844247052,0.010644073286833377,0.8098888587986783,0.227126886876677,0.9974588095109136,0.0,0.6649836961400822,0.9971300799797793,0.664953567001395,0.9975551704008616,0.6515131275829773,0.9970614141195302,0.4970909090909091,0.0,0.5029090909090909,0.0,0.09090909090909091,0.0,0.09090909090909091,0,1.0909090909090904,0.0
0.0,0.0,0,0.01842954297324934,0.0,0.013231163547766574,0.8022143746953365,0.010273796692335687,0.864513086232525,0.017812860155203666,0.8326443276944278,0.7185851283005534,0.8566363959149528,0.5576645270637544,0.8805188755890158,0.9672659986387341,0.8670383890904931,0.1957795616808303,0.9982773027185328,0.2052064412475979,0.9978573863896986,0.00942687956676765,0.7577666509717284,0.20266994583043016,0.0,0.0,0.6833637626394209,0.9983820734562215,0.6834195987488643,0.9985779366540889,0.6699595960563405,0.9982558028970852,0.4995454545454545,0.0,0.5004545454545454,0.0,0.09090909090909091,0.0,0.09090909090909091,0,1.0909090909090904,0.0
0.0,0.0,0,0.018326833293771293,0.0,0.012436889339889498,0.7430789868024336,0.010695137055980084,0.841791414661154,0.01730750267253543,0.8299050112236482,0.6795246337737832,0.7974753591266616,0.583811620133906,0.85737435230822,0.9453044615417429,0.8639887823695437,0.20005043045478615,0.9981824068557533,0.2102789026504183,0.9977594227494024,0.010228472195632157,0.8092076766144901,0.20716626889882495,0.9978356954148535,0.0,0.6856175404298167,0.998228288408649,0.6857977280398677,0.9984427232844065,0.6718794798696942,0.9981762925249897,0.49027272727272714,0.0,0.5097272727272726,0.0,0.09090909090909091,0.0,0.09090909090909091,0,1.0909090909090904,0.0
0.0,0.0,0,0.018488722899639425,0.0,0.01296489396300637,0.8479271335463718,0.010704057132240598,0.8593383884886889,0.017720635345572246,0.880362803685449,0.7016544776263235,0.8826191482063225,0.578857440519266,0.8725997580747078,0.9587923984920722,0.902355353349341,0.20744422283147324,0.9980473258829969,0.21832587881779916,0.9977120246499003,0.010881655986325903,0.8766071602664788,0.21491047337696187,0.9976438041247658,0.0,0.6504840734900131,0.9986545102216443,0.6505572033092486,0.9988315971281903,0.6365812501853338,0.9985779968345097,0.505090909090909,0.0,0.49490909090909085,0.0,0.09090909090909091,0.0,0.09090909090909091,0,1.0909090909090904,0.0
0.0,0.0,0,0.018360392807541183,0.0,0.013380697158931082,0.7670492817466764,0.01018254596391852,0.8862465351122664,0.01780981158154381,0.8634140713860152,0.7302353392366603,0.8184439870732454,0.5564085664988531,0.9025195014653931,0.9723712367224134,0.8992047518460341,0.19383011881872428,0.9981192782944843,0.20388751242929556,0.9972434954670234,0.010057393610571282,0.7778723689155478,0.20021000174085918,0.9975051613100504,0.0,0.696609293660797,0.9980146719866159,0.696572556385687,0.9982268681507157,0.6834599835522815,0.9981108041909643,0.4981818181818181,0.0,0.5018181818181817,0.0,0.09090909090909091,0.0,0.09090909090909091,0,1.0909090909090904,0.0
0.0,0.0,0,0.01845461057888687,0.0,0.01352683137616323,0.7242117869372378,0.010513923211518708,0.8835313148820161,0.018384534617581876,0.7673671065855433,0.7342357523468545,0.7768839540943748,0.5708530668152172,0.8926780648383854,0.9980912304853807,0.7968107747025581,0.21493757253348225,0.9988185614791328,0.22523318858946767,0.9984337408347138,0.010295616055985432,0.6965137521089626,0.2225099124759378,0.0,0.0,0.6846053150365035,0.9985245325485804,0.6846544313964882,0.9987299162890343,0.6710188219609932,0.9985211022645891,0.4972727272727272,0.0,0.5027272727272727,0.0,0.09090909090909091,0.0,0.09090909090909091,0,1.0909090909090904,0.0
0.0,0.0,0,0.018383482962974804,0.0,0.012582074126766199,0.8148873362340294,0.01019964693567988,0.8966637178260424,0.017127677335912174,0.8818784716580307,0.6851460225019038,0.859398448548749,0.5560340340626396,0.9081884128617592,0.9330182680327788,0.9072079534444263,0.18891648514591,0.9985596779143872,0.19851800376423273,0.9981061101181341,0.009601518618322735,0.8458524135357801,0.19550380641967016,0.9980294402619052,0.0,0.6883531604215214,0.9985760830971251,0.6883827156670088,0.9987735591302724,0.6749683837163288,0.9985146388873842,0.504090909090909,0.0,0.49590909090909085,0.0,0.09090909090909091,0.0,0.09090909090909091,0,1.0909090909090904,0.0
0.0,0.0,0,0.018472116342400945,0.0,0.012920920001648897,0.830427076374972,0.009823829014289229,0.90014427654107,0.017218329772426884,0.8842942341138733,0.6997527587859858,0.8685197421870766,0.5308975215808096,0.9093700674622516,0.9318832669880462,0.9077254087755088,0.20482169732169178,0.998224352609122,0.2153651159849648,0.9975854411525752,0.010543418663273007,0.8658386683276462,0.2118742143783644,0.9975565545505423,0.0,0.6616334524233025,0.9982981458412317,0.6617083919843132,0.9986605523359028,0.648590468598483,0.9980135405947028,0.4946363636363636,0.0,0.5053636363636362,0.0,0.09090909090909091,0.0,0.09090909090909091,0,1.0909090909090904,0.0
0.0,0.0,0,0.018436459432609426,0.0,0.012260895568940146,0.8181721641481159,0.008482193399435333,0.9306822895039327,0.015858138465559668,0.8920936768431758,0.6671083346521344,0.8484106350839815,0.4604465651302533,0.9380742987476451,0.8621502676599183,0.9114102559473299,0.19482833297629593,0.9987110918533764,0.20416498681434825,0.998296737619383,0.009336653838052314,0.9215221915302074,0.2009164643615514,0.9983073173373772,0.0,0.6854653824421021,0.9991032876563938,0.6853471200729838,0.9992538711055744,0.674443378418741,0.9989661124049899,0.5027272727272727,0.0,0.4972727272727272,0.0,0.09090909090909091,0.0,0.09090909090909091,0,1.0909090909090904,0.0
0.0,0.0,0,0.018425863221178465,0.0,0.012594422036784613,0.7553257626363838,0.010675657105684732,0.8716448994084263,0.017444843646226473,0.8487637256494971,0.6854798732832103,0.8188646000710127,0.5809081441974382,0.8882538771236166,0.9493742174117531,0.8854703641517269,0.19907596520446533,0.997932946975031,0.20906318643500268,0.9971349907021247,0.009987221230537368,0.7786917498660983,0.20597437426468893,0.9971227259323452,0.0,0.6785706276086839,0.9979769268266261,0.6784958023873724,0.9982658650634599,0.6647502828100577,0.9977779101747036,0.5001818181818182,0.0,0.4998181818181818,0.0,0.09090909090909091,0.0,0.09090909090909091,0,1.0909090909090904,0.0
0.0,0.0,0,0.01844535434083533,0.0,0.0131731317487565,0.8037308731577267,0.010754633197800562,0.8643567013907695,0.01792233126141535,0.8738624877382392,0.7152372370605026,0.8438596472223726,0.5835257783322157,0.8804863540895603,0.9728423226839109,0.9047175552305812,0.20718238124419577,0.9978926260930268,0.2182214788772097,0.9972132974658022,0.011039097633013889,0.8113977504558665,0.21447515041510848,0.997364554935697,0.0,0.6647208497662469,0.9982678750895181,0.6647352177381622,0.9984647493184566,0.650854170415545,0.9981430368243994,0.5009999999999999,0.0,0.49899999999999994,0.0,0.09090909090909091,0.0,0.09090909090909091,0,1.0909090909090904,0.0
0.0,0.0,0,0.01848208921203579,0.0,0.013531057908658233,0.7589082188400824,0.0111017103677334,0.8222257728670552,0.018540621247832574,0.8268039502428278,0.732540937434687,0.8275677360727459,0.6010056838830719,0.8475843940132516,1.0037748500249954,0.8719137855290159,0.20835853372930116,0.997855952144529,0.2193388068738227,0.9971713396763495,0.010980273144521532,0.8070615465164562,0.21578084369820552,0.9972981037149372,0.0,0.6556337986898993,0.9979536129315687,0.6556791089754196,0.998175100952656,0.6412217551624784,0.9977940987079261,0.5004545454545454,0.0,0.4995454545454545,0.0,0.09090909090909091,0.0,0.09090909090909091,0,1.0909090909090904,0.0
0.0,0.0,0,0.01841495511853639,0.09297802812832871,0.012705581286803496,0.7405349317253124,0.010269205463852347,0.8364696841129706,0.017322564538466863,0.8213817906082435,0.6913515475719726,0.7931128322711488,0.5587630884116723,0.852667232362623,0.9425225397660506,0.8560719757833986,0.2176240170466952,0.9984886890898913,0.22849745338536132,0.9975828052501398,0.010873436338666137,0.8286378402450545,0.2253612932679379,0.9976330438655087,0.0,0.6551520572435403,0.99824692026696,0.6551452559242864,0.9985575114192347,0.6414031727816042,0.9979531435242857,0.506090909090909,0.0,0.49390909090909085,0.0,0.09090909090909091,0.0,0.09090909090909091,0,1.0909090909090904,0.0
0.0,0.0,0,0.018421558921496158,0.0,0.013346072008781963,0.6645586789194002,0.008954026093892314,0.915610584532428,0.01751013173159207,0.7898812038491396,0.7247147457360884,0.7101600077030938,0.486330278347023,0.9251785974351104,0.9508953651518713,0.8248585579567542,0.21430519641496046,0.9985428241831322,0.2245107975544634,0.9982017043034921,0.010205601139502899,0.7866866600471379,0.22185304843090817,0.0,0.0,0.7122233595366825,0.9988130976668049,0.7122724465300668,0.9989542087177355,0.7002942456665548,0.9987785661412915,0.49727272727272726,0.0,0.5027272727272727,0.0,0.09090909090909091,0.0,0.09090909090909091,0,1.0909090909090904,0.0
0.0,0.0,0,0.018310099806928642,0.0,0.013267717238576454,0.7901787960304993,0.011025911076520806,0.8140306077620705,0.018252069988621358,0.8328342811749624,0.7247150734787936,0.8470607039905635,0.6031212324817797,0.835672702762883,0.9974691780539121,0.8730123670764952,0.18964190627881028,0.9972957687146062,0.19988772964206533,0.9959783831928117,0.010245823363255073,0.7281657248430794,0.1962518795670557,0.9961100699898293,0.0,0.6858196500576883,0.9966302093676841,0.6860004294689117,0.9971640698815045,0.6716525714798295,0.9964614634674753,0.4943636363636363,0.06476387271972406,0.5056363636363637,0.06476387271972406,0.09090909090909091,0.0,0.09090909090909091,0,1.0909090909090904,0.0
0.0,0.0,0,0.018454357525249557,0.0,0.01287695632297353,0.7927090336829815,0.011404884075466049,0.8446933025209576,0.018107274327384012,0.8516098503312931,0.69927252242458,0.8478657976613886,0.6186057089207223,0.8609850090571531,0.9828874601585625,0.8826511160459055,0.20222919456237248,0.9977514743320463,0.21230731616098922,0.9969877231558638,0.01007812159861675,0.7069741611039674,0.20934006800243515,0.9971792644156167,0.0,0.6626671513189226,0.9966757298380545,0.6625694182827141,0.9971971089325797,0.6478669081766898,0.9963015881613074,0.5109090909090909,0.0,0.489090909090909,0.0,0.09090909090909091,0.0,0.09090909090909091,0,1.0909090909090904,0.0
0.0,0.0,0,0.018495361574014425,0.06964463461457449,0.012324610784231343,0.8124840070531452,0.010143643215333873,0.8798714546209535,0.016911970027106572,0.8933264366570978,0.6667917330946657,0.8510601864389438,0.5485147360931617,0.896376500749246,0.9147384795954108,0.9173181919394343,0.18234674405104725,0.9979147724879187,0.19198508565593744,0.997365144703822,0.00963834160489014,0.8644982457407306,0.18888306493767285,0.997412121540378,0.0,0.7107912958483078,0.9978495369116609,0.7109123088538332,0.9981830568042992,0.6978363585310865,0.9977811599174322,0.5005454545454545,0.0,0.4994545454545454,0.0,0.09090909090909091,0.0,0.09090909090909091,0,1.0909090909090904,0.0
0.0,0.0,0,0.018406292179048066,0.0,0.013133956730045759,0.8178275108776109,0.009795273368907755,0.9052093135219386,0.01747439947155601,0.8907676253407714,0.7160523654700943,0.8662226795934209,0.5349590943050783,0.9159043733111868,0.9532588588619387,0.9171318733563223,0.19414780953295202,0.997906732383686,0.2042725066732289,0.9965305265185024,0.01012469714027693,0.8026594089079058,0.20053565671368473,0.996847003315941,0.0,0.6925673717393059,0.9981766897157677,0.692495323575765,0.9983869962146513,0.6798406279517826,0.9980520921723324,0.5066363636363637,0.07067320824773639,0.49336363636363634,0.07067320824773639,0.09090909090909091,0.0,0.09090909090909091,0,1.0909090909090904,0.0
0.0,0.0,0,0.01835704274823235,0.10809034284785786,0.013014821502613882,0.6618181829123712,0.010101768117738075,0.8636270860038393,0.017602886189498578,0.760815504883641,0.7096613919469846,0.7262208501086255,0.5500884240612414,0.8829353722459933,0.959525244461751,0.8145724361636184,0.22750200092880407,0.9987048843538232,0.23794352085757672,0.9983063115187423,0.01044151992877265,0.7356586957805572,0.23572440255301927,0.0,0.0,0.6687415214485435,0.9984514133371848,0.6687956716978953,0.9987472843585067,0.655667210193586,0.9982932351188862,0.4967272727272727,0.0,0.5032727272727272,0.0,0.09090909090909091,0.0,0.09090909090909091,0,1.0909090909090904,0.0
0.0,0.0,0,0.01844315261382099,0.0,0.012693512189749387,0.7188232561218532,0.011150268171903939,0.8471869023331947,0.01781473164167702,0.8205822937165622,0.6883074901982897,0.7895014172489122,0.6037681365551197,0.8696611962664065,0.9654083002202707,0.8681197470015104,0.20265554700555763,0.9973533613774092,0.21319961703490287,0.996489868626141,0.010544070029345246,0.7564073733051688,0.20972543926893766,0.9967301449746337,0.0,0.6738820385815786,0.9973673232350585,0.6738985714212391,0.9976102595581552,0.6594819150427783,0.9971557288751677,0.501090909090909,0.0,0.49890909090909086,0.0,0.09090909090909091,0.0,0.09090909090909091,0,1.0909090909090904,0.0
0.0,0.0,0,0.018358200849943444,0.0,0.013452547072220782,0.7896013528558619,0.00974300191742381,0.8974121456125462,0.017753946723685837,0.8684637021791329,0.7338281791878573,0.8239413000174521,0.5294772549363547,0.9092131771049604,0.9673113392290382,0.8960184392809641,0.19674673816700783,0.9984211546215553,0.20700816218407386,0.9978236472945891,0.010261424017066027,0.7976617739984473,0.2030303188230619,0.9979868686321591,0.0,0.6989654949603449,0.998167638580464,0.6988716184828823,0.9984357303194976,0.6863838206771387,0.9980911733376662,0.5068181818181817,0.0,0.4931818181818181,0.0,0.09090909090909091,0.0,0.09090909090909091,0,1.0909090909090904,0.0
0.0,0.0,0,0.018327699186477007,0.0,0.012974498546739032,0.7979278918196752,0.010365491717292898,0.8552818670373779,0.017557577498933923,0.865731089807242,0.7094224029326553,0.8479871695342637,0.566484421274334,0.8709476610879415,0.959750843948325,0.8935263680514179,0.2101284950481827,0.9980296689475046,0.22110066312915172,0.9974757322452712,0.010972168080969034,0.8568141327700445,0.2174879218432132,0.997514897663194,0.0,0.6547351483279644,0.9981650628584495,0.6547607914612511,0.9984236340548964,0.6410426072051835,0.9979719438877753,0.4998181818181818,0.0,0.5001818181818182,0.0,0.09090909090909091,0.0,0.09090909090909091,0,1.0909090909090904,0.0
0.0,0.0,0,0.018441401066915577,0.071180101945633,0.012995102612334762,0.7185297201008622,0.010809221151720205,0.829980730229227,0.01790713317892846,0.7910914080413077,0.7049806100148508,0.7761203006613827,0.586372509103382,0.8545386869835766,0.9714004097335267,0.8372780997430295,0.21968382335313147,0.9985694873229941,0.23034428320645065,0.9980213279411674,0.010660459853319182,0.7532173776983395,0.22695148223714842,0.99821593938628,0.0,0.6571527205610369,0.9984821053518447,0.6571106035847927,0.9986783416683214,0.6431890068461671,0.998442350165797,0.5005454545454544,0.0,0.49945454545454543,0.0,0.09090909090909091,0.0,0.09090909090909091,0,1.0909090909090904,0.0
0.0,0.0,0,0.018480474222582834,0.0,0.012231726041321438,0.787250573218509,0.008901863771856507,0.9228488929811575,0.016102691340682596,0.8929716610397973,0.6625647915045988,0.841305830880981,0.4821296943550418,0.9323186192204228,0.8721769018978162,0.9179691033719088,0.18275668869155168,0.998654630582486,0.19227666917751599,0.9982564287734627,0.009519980485964308,0.9004621495242736,0.18912493734781893,0.9982215963458446,0.0,0.7142145775887684,0.99879062629764,0.7141152772206549,0.9990801302304306,0.7023284351430181,0.998664427955009,0.5062727272727272,0.0,0.4937272727272726,0.0,0.09090909090909091,0.0,0.09090909090909091,0,1.0909090909090904,0.0
0.0,0.0,0,0.018446452817864844,0.0,0.013526280962808146,0.7177285863017325,0.010731114534029257,0.8479774804864983,0.01827426578725979,0.8199121606576516,0.7355702498216056,0.7740024433250884,0.5816762831041236,0.8654351947137516,0.9927100724659192,0.8577431740357592,0.18939716815133167,0.9977425281084683,0.19955447733873022,0.9968027640272275,0.01015730918739854,0.7449445717992114,0.19595940911533355,0.9971594931370831,0.0,0.691592349764293,0.9980085095115154,0.6914687418414664,0.998282137849272,0.6776753373479848,0.9979453200695684,0.49972727272727263,0.0,0.5002727272727271,0.0,0.09090909090909091,0.0,0.09090909090909091,0,1.0909090909090904,0.0
0.0,0.0,0,0.01840859911078042,0.0,0.012212019455598057,0.789385834732528,0.009103219351097128,0.9099525056118241,0.01627372286550609,0.884826517900666,0.6654069629968574,0.8242745430801542,0.4960653981487464,0.9152934577864437,0.8866880032661769,0.9033612089042948,0.19156456925820636,0.9989056792263203,0.20136851487722374,0.9984465989035126,0.00980394561901733,0.864965233770845,0.19797525182880607,0.9984710080822303,0.0,0.7103457553361789,0.9987147267507988,0.710614180934665,0.9988741928301045,0.6985242243526277,0.9985133149181243,0.49099999999999994,0.0,0.5089999999999999,0.0,0.09090909090909091,0.0,0.09090909090909091,0,1.0909090909090904,0.0
0.0,0.0,0,0.01845280213778004,0.0,0.012176521958384505,0.7988585338845857,0.009407902103383861,0.9215570600660778,0.016386683821646736,0.886705073811286,0.6601448851820626,0.8439860742506032,0.5093431494573836,0.9337297899101505,0.8879321701001778,0.9103079432137549,0.20255581231427267,0.9988938236834026,0.21246026940186905,0.9984321074581592,0.009904457087596416,0.8789410412416423,0.2093335486463578,0.9983755498985959,0.0,0.6868454357079533,0.9988791396607027,0.6866890449844554,0.9990593198408828,0.6745378922819247,0.9987127167247405,0.5062727272727272,0.0,0.4937272727272726,0.0,0.09090909090909091,0.0,0.09090909090909091,0,1.0909090909090904,0.0
0.0,0.0,0,0.018469505799325128,0.0,0.013083123110341599,0.757822708480023,0.010519221863257638,0.8511170208284436,0.01776349541410069,0.8341988722189121,0.709400977385267,0.8152190146057882,0.5698201430202473,0.8677382873855819,0.962843142958221,0.8730778313383524,0.19882040574872534,0.9979736770838973,0.20940981343550977,0.997303893071428,0.010589407686784432,0.7991578111177308,0.2057370457617881,0.9973730042667917,0.0,0.6867183643712041,0.9982133395920969,0.6866353746155852,0.9984623902459572,0.6729889718449064,0.9981566977799441,0.5005454545454545,0.0,0.4994545454545454,0.0,0.09090909090909091,0.0,0.09090909090909091,0,1.0909090909090904,0.0
0.0,0.0,0,0.01841160589339718,0.0,0.013122638846309315,0.8304371144691786,0.007547885610403893,0.9272513555639806,0.016070610040256908,0.8834607834287193,0.7135713970583836,0.8533700915344201,0.41017783755158976,0.9330967520626838,0.8737854105250968,0.8978594666811098,0.21248196369165925,0.9991298151859273,0.2229073985302966,0.9985118224436859,0.010425434838637362,0.9138223233253291,0.2194862214387833,0.9982367618119119,0.0,0.6782722240123418,0.9995707812020436,0.6781078552658574,0.9996441050268703,0.6681722901565351,0.9994740953378225,0.5027272727272728,0.0,0.49727272727272726,0.0,0.09090909090909091,0.0,0.09090909090909091,0,1.0909090909090904,0.0
0.0,0.0,0,0.018482592272204924,0.0,0.013483894776103006,0.7318392219875185,0.01121572602130735,0.8478256091763103,0.01855006731731406,0.8147699603411024,0.7303397461637946,0.781687916373287,0.6068251890878744,0.863144944543742,1.004303369880494,0.8497828208970492,0.20709193421848254,0.998288913258715,0.21769752941548146,0.9975471211663025,0.010605595196998883,0.7116319766096691,0.21406728129663352,0.9976736500198813,0.0,0.6569150228787781,0.9964859809709508,0.656767564990668,0.9971246155975614,0.6422862175322213,0.9965380972154517,0.5014545454545454,0.0,0.4985454545454545,0.0,0.09090909090909091,0.0,0.09090909090909091,0,1.0909090909090904,0.0
0.0,0.0,0,0.018429968584018623,0.0,0.013506919380593826,0.7866772824929136,0.010221911367487593,0.8528948226783897,0.01797599787773376,0.8527896874830742,0.7344307308150715,0.8404024385106548,0.5552563899437114,0.8725694391786574,0.9770892848853412,0.886740435826608,0.1889853924011907,0.998397311138794,0.19926719561099282,0.9978120084011867,0.010281803209802149,0.7699469690131011,0.19580888594529994,0.9978537375050401,0.0,0.6840939132854249,0.9985640349768605,0.6841314361554266,0.9987805159869286,0.6708642229111013,0.9984990280862023,0.5001818181818182,0.0,0.4998181818181818,0.0,0.09090909090909091,0.0,0.09090909090909091,0,1.0909090909090904,0.0
0.0,0.0,0,0.01843018890505063,0.09439886379365335,0.013497652966475784,0.7818187486083276,0.011133377030092472,0.8034476039165416,0.018532380383564917,0.8311547178440964,0.7341519392776895,0.8332724307473804,0.6054251086088602,0.8226956495573728,1.0080253523260323,0.8664556380027322,0.20492826853454316,0.9983947906525297,0.2153583468174092,0.997759478512872,0.010430078282866009,0.721549690124118,0.2119154795045238,0.9978423233342506,0.0,0.6646267342602347,0.9973064687934426,0.6645692990474765,0.9976935492606834,0.6503205853340407,0.9971432956002092,0.505,0.0,0.4949999999999999,0.0,0.09090909090909091,0.0,0.09090909090909091,0,1.0909090909090904,0.0
0.0,0.0,0,0.018325058251102297,0.0,0.013316272786379934,0.7460223871165753,0.010043733214219603,0.901499948846642,0.017791982523324507,0.829070007883635,0.7277630520822527,0.8068664656640607,0.5491750853404639,0.9127543495399206,0.9726802366413495,0.868511822443686,0.21036948728532334,0.9985432248732907,0.22061746309066982,0.9982113831503723,0.010247975805346483,0.7769226637615707,0.21775571275625785,0.0,0.0,0.6764013598390617,0.9985242797908128,0.676551210096841,0.9987221409786536,0.6631076471231546,0.9983940373238969,0.4896363636363636,0.0,0.5103636363636362,0.0,0.09090909090909091,0.0,0.09090909090909091,0,1.0909090909090904,0.0
0.0,0.0,0,0.018476765631386706,0.0,0.012989246776047993,0.7889943731306456,0.009160346531010641,0.8947459603892469,0.016902336247877847,0.8593426974068256,0.7046110691949162,0.8163520073179391,0.4969503779774508,0.9026472885711361,0.9169165571613033,0.8818983311969283,0.18533599255540378,0.9985040591693896,0.19498448200705318,0.9979527102252551,0.009648489451649379,0.857889713360655,0.19184225196937002,0.997681717789934,0.0,0.7102122349832525,0.9987576835352385,0.7101795422726268,0.9989225899245938,0.6982727094903417,0.9986588552480334,0.4978181818181818,0.0,0.5021818181818181,0.0,0.09090909090909091,0.0,0.09090909090909091,0,1.0909090909090904,0.0
0.0,0.0,0,0.018462483850317818,0.0,0.012425328035570527,0.8137691599415046,0.011122788802065992,0.8463888377355309,0.017556185482558485,0.8667986784379568,0.6744764474088735,0.8616718843091586,0.6034864563580702,0.8618967063255639,0.952856450762908,0.8973382199835106,0.1866960890879775,0.9969783410665172,0.19628808024538866,0.996088693904325,0.009591991157411169,0.7694937743354575,0.1935476793886558,0.9963134437042253,0.0,0.6824801217808373,0.9963068599661784,0.6824493531802936,0.9968701968501565,0.6682123209756883,0.9963700253359569,0.5007272727272727,0.0,0.49927272727272726,0.0,0.09090909090909091,0.0,0.09090909090909091,0,1.0909090909090904,0.0
0.0,0.0,0,0.018439331185348306,0.0,0.013002151492801525,0.7919836188894305,0.01047053227712976,0.8463084607653745,0.017655278681678675,0.8449337233024606,0.7061709129485014,0.8277351459676108,0.568812150855164,0.8594991665011704,0.9589690104373496,0.8691170328645278,0.19699618910533992,0.9983208097877435,0.20707691437432435,0.9974688596412042,0.010080725268984417,0.7637192583364928,0.20381725161470113,0.9976454530682985,0.0,0.6664480340728458,0.9978669170172173,0.6663803872344048,0.9982450185656597,0.6528662149124527,0.9978541226597338,0.5039090909090909,0.0,0.496090909090909,0.0,0.09090909090909091,0.0,0.09090909090909091,0,1.0909090909090904,0.0
0.0,0.0,0,0.018412225198955624,0.0,0.012953386956414356,0.6364992567718017,0.00784370609552395,0.922560327862933,0.01639125969507935,0.7829654985646968,0.7054146179464174,0.706811569084114,0.42800259431865006,0.931970583810263,0.8931300434527192,0.8310452857667285,0.23493712973449551,0.9992453692130686,0.24524921555565,0.99887102796845,0.01031208582115445,0.8265672388879479,0.2430225133336353,0.0,0.0,0.7051597353485427,0.9993805268194044,0.7051875593722369,0.9994474113391947,0.6948231018850126,0.9993343082561518,0.49672727272727263,0.0,0.5032727272727272,0.0,0.09090909090909091,0.0,0.09090909090909091,0,1.0909090909090904,0.0
0.0,0.0,0,0.01846936624714378,0.0,0.013461486625234727,0.7829125879386399,0.010526703789863957,0.8580966377198841,0.018113998405012665,0.8652022242683565,0.7309825311391482,0.8329745135917479,0.5714786429152111,0.8742645531302844,0.9835388422433854,0.8949734544163399,0.18665589067611238,0.9979498576733045,0.1970236927293032,0.9962475942876743,0.010367802053190798,0.7898745117863353,0.1933737530265991,0.9968434285989394,0.0,0.6908526957277064,0.9969793882058411,0.6907248815232012,0.997560394061396,0.6770664154020116,0.9961462865671281,0.5116363636363636,0.0,0.4883636363636363,0.0,0.09090909090909091,0.0,0.09090909090909091,0,1.0909090909090904,0.0
0.0,0.0,0,0.018411597406288092,0.0,0.013403599472370823,0.7072871990226698,0.009349386961148603,0.9010494743240232,0.017393981574455705,0.8297010718132961,0.7284836513048719,0.7616298783753691,0.508259730796573,0.9149224936359204,0.9454202279569287,0.8663153574416099,0.22318865552641254,0.9991888823766955,0.23379479973855155,0.9988136325925575,0.010606144212138992,0.8075194097893647,0.2303073689162765,0.0,0.0,0.6834363745353849,0.9991068984816478,0.6833309897161917,0.9992584327814787,0.6711997129354356,0.9990373900955062,0.5051818181818182,0.0,0.49481818181818177,0.0,0.09090909090909091,0.0,0.09090909090909091,0,1.0909090909090904,0.0
0.0,0.0,0,0.018437741733643796,0.0,0.012644019728003783,0.7707711759856047,0.010953619929134455,0.8509987061209504,0.017618343581095375,0.8453255700590367,0.6865739395824244,0.8270495345044442,0.5952134384894393,0.8726826385503739,0.9569611513851901,0.8860577009875604,0.20502786236778048,0.99791299114746,0.21570289004582746,0.997245373630143,0.010675027678047035,0.8067610656748933,0.2122934187003126,0.9970886517780304,0.0,0.6770128370124634,0.9981722363646208,0.6771182300274815,0.9984250182045773,0.6627692564195539,0.9980044172428939,0.4922727272727272,0.0,0.5077272727272726,0.0,0.09090909090909091,0.0,0.09090909090909091,0,1.0909090909090904,0.0
0.0,0.0,0,0.018428713939426928,0.0,0.013606254782911428,0.7642857727466944,0.010311502126412435,0.8348201628482187,0.018125404117805943,0.8106245403720352,0.7390351182201734,0.8214549098196392,0.5603029003995507,0.8554200653559371,0.9846950691597656,0.8513477886704338,0.20046989150975386,0.9984145552634117,0.2105397142031947,0.9979046334802101,0.01006982269344083,0.7622351794075176,0.20753538551485157,0.9978907822363233,0.0,0.6736581462754052,0.9983206412825649,0.6736371507625076,0.9985297562091149,0.660185493727383,0.9981148362791648,0.49972727272727263,0.0,0.5002727272727272,0.0,0.09090909090909091,0.0,0.09090909090909091,0,1.0909090909090904,0.0
0.0,0.0,0,0.018366633338012132,0.0,0.013347565818120914,0.7544345748554163,0.009221545306000284,0.877505954852648,0.01727870884869089,0.8502234980471451,0.7258981365875515,0.8049869348306221,0.5024084794588808,0.8885964240793899,0.9401602338937181,0.8780252878128628,0.2047396265781942,0.9980402727376673,0.21514822800948188,0.9970096950658072,0.010408601431287728,0.830761450829587,0.21114149209121336,0.9972005753248235,0.0,0.6921767627541324,0.9989164394855775,0.6921450448098486,0.9990880499738214,0.6802925010520892,0.9988219923330142,0.49745454545454537,0.0,0.5025454545454545,0.0,0.09090909090909091,0.0,0.09090909090909091,0,1.0909090909090904,0.0
0.0,0.0,0,0.018390747040021742,0.0,0.013031341433686769,0.6868273724626429,0.009417756276773069,0.9048966641992692,0.017107402273199724,0.8193562380015285,0.7093293601184985,0.7471428743372629,0.5126439788023526,0.9161811912112512,0.9312533253858545,0.8581076387008248,0.21988711955063034,0.9992211017907926,0.23006639623641992,0.9989635430223291,0.010179276685789574,0.7634109216214152,0.22680936024122428,0.0,0.0,0.6886155438494249,0.9991194761896163,0.6884688898958037,0.999275873067456,0.6765461138068524,0.999138348769611,0.49990909090909086,0.0,0.500090909090909,0.0,0.09090909090909091,0.0,0.09090909090909091,0,1.0909090909090904,0.0
0.0,0.0,0,0.018490626534214356,0.0,0.013621139088934892,0.7062653715840087,0.010424113359106967,0.8542763725649497,0.01822761793908929,0.8079291917167668,0.7380447305732369,0.7547772903163683,0.5638975030490921,0.8686509836489795,0.9871413895932422,0.8402180457010116,0.19978149356852007,0.9976895064402074,0.2102913681424709,0.9967621726324688,0.010509874573950818,0.7631263140737455,0.2064582990087848,0.9971548362975148,0.0,0.6865268160086956,0.9978529551595682,0.6866564488017207,0.9982251830989305,0.6732100624528649,0.9978497054168394,0.4979999999999999,0.0,0.5019999999999999,0.0,0.09090909090909091,0.0,0.09090909090909091,0,1.0909090909090904,0.0
0.0,0.0,0,0.018495553930431365,0.0,0.013786859441775174,0.7716571401060378,0.009677794970617722,0.8955685304543018,0.018021107042292102,0.8613964866670276,0.7477443864087867,0.8219358356352343,0.5238517746249045,0.9045277221108883,0.9768531195012128,0.8895463479511575,0.21106831262787754,0.9989707293043995,0.22139816426142148,0.9984235373304606,0.010329851633543961,0.775105426034062,0.21764688646768618,0.9985915863357191,0.0,0.686493594028145,0.9985286488893702,0.6864604915516422,0.9987567447206724,0.6739066607180958,0.9984735356599082,0.49727272727272726,0.0,0.5027272727272727,0.0,0.09090909090909091,0.0,0.09090909090909091,0,1.0909090909090904,0.0
0.0,0.0,0,0.01839085715726098,0.0,0.012579429165230782,0.7351829304254153,0.010493180302804116,0.8352634518285819,0.017277500944717143,0.8230045195496097,0.6858365818499104,0.8013676121010788,0.5709269967517671,0.8511577990816467,0.9412780119319785,0.8657080527421208,0.20646201050362784,0.9982677065843395,0.2169084169621957,0.9978859701384748,0.010446406458567883,0.8175051965793447,0.2135522488925753,0.9980028525519508,0.0,0.6787040544706828,0.998503349040423,0.6786704756580233,0.9987039785276257,0.664923428585561,0.9984100693880252,0.5027272727272727,0.0,0.49727272727272726,0.0,0.09090909090909091,0.0,0.09090909090909091,0,1.0909090909090904,0.0
0.0,0.0,0,0.018360918618227935,0.0,0.012850974299981636,0.6819618576492322,0.009943921193046708,0.868912527758219,0.01739695665970806,0.790209476009075,0.7002582685685242,0.7509159339700421,0.541549376071187,0.8861445654070904,0.9478691705052563,0.8309125036860506,0.21309725272793517,0.9989145968743294,0.22345275256206254,0.9985693813476132,0.01035549983412739,0.7536731432753883,0.22042723701322825,0.0,0.0,0.6873727471669044,0.9984228156011722,0.6873695262651149,0.9987235010561663,0.6744626648790144,0.9984285568133262,0.5039090909090909,0.0,0.496090909090909,0.0,0.09090909090909091,0.0,0.09090909090909091,0,1.0909090909090904,0.0
0.0,0.0,0,0.018406153960844534,0.0,0.012890206214016646,0.8073676963536682,0.009580265823912925,0.8912285712566271,0.01706061033678907,0.8716186366727446,0.7030056046516637,0.8595941552775218,0.5220133894402166,0.9106980808463773,0.9301579509574988,0.9074460873699349,0.17435294753643746,0.9986319666359745,0.18352298281716542,0.9981846335313267,0.009170035280727969,0.8514307774708575,0.1804127583423288,0.9980901863787632,0.0,0.7085028925561779,0.998663296563096,0.708464741605829,0.9988747946343134,0.6960836478690612,0.9986139726901249,0.5072727272727272,0.08033982646093374,0.4927272727272727,0.08033982646093374,0.09090909090909091,0.0,0.09090909090909091,0,1.0909090909090904,0.0
0.0,0.0,0,0.018442987145875066,0.0,0.012318693508206451,0.7905532025010982,0.010228903782097168,0.8985791884068436,0.016952141144924077,0.8715534973851605,0.668640257982524,0.8305750841021381,0.5549287111460148,0.9094226049696992,0.9199796034798945,0.8995345405525764,0.19542877460682115,0.9981792895099507,0.20543397689384596,0.9977100386960104,0.01000520228702479,0.8471114601575522,0.20240608561892584,0.9977653685749877,0.0,0.6944956156415024,0.9985125686809053,0.6943030303061746,0.9986363598067003,0.6809559358990351,0.9983865990238734,0.5024545454545454,0.13990341904274584,0.4975454545454545,0.13990341904274584,0.09090909090909091,0.0,0.09090909090909091,0,1.0909090909090904,0.0
0.0,0.0,0,0.01839872273235371,0.0,0.012923012740043392,0.6950183490103329,0.010779596270894462,0.8434183923402359,0.017859548299215613,0.7903689661605491,0.7015365711558106,0.7585730981482484,0.5869766881316922,0.8617095091083066,0.9706155105502409,0.8277573766150919,0.22280416703331452,0.9989683992609842,0.23356081197493933,0.9986084842357387,0.010756644941624807,0.7113531086196415,0.23007730566093682,0.9985659727864136,0.0,0.6498295611885978,0.9984802277227126,0.6496866407783729,0.9986995973929841,0.6355964467068739,0.9982855922054318,0.509,0.0,0.49099999999999994,0.0,0.09090909090909091,0.0,0.09090909090909091,0,1.0909090909090904,0.0
0.0,0.0,0,0.01838196228960272,0.0,0.012790094260087748,0.7586131542364006,0.011340893474538025,0.8091996124380892,0.018029693136577728,0.8095963939891795,0.6965846850231759,0.8263045731101843,0.6171664306891901,0.8425058886541851,0.9816409419529291,0.8620143951566797,0.20265151264508366,0.9973818507886641,0.2129710191494538,0.9964084324805768,0.010319506504370113,0.7319558396071422,0.20968435710911007,0.9966045965805483,0.0,0.670494785118857,0.9953946812544006,0.6703173751130741,0.9961688662610504,0.6558046648873072,0.9950416027249694,0.5111818181818181,0.0,0.48881818181818176,0.0,0.09090909090909091,0.0,0.09090909090909091,0,1.0909090909090904,0.0
0.0,0.0,0,0.018435492709629738,0.0,0.012699292204786881,0.7466440869727442,0.009825283549072054,0.8803042601719954,0.01700862332366622,0.8456633507254749,0.6891878520859898,0.8111205714732768,0.5331087115160005,0.8952809643310643,0.9229285973471395,0.8866476616897457,0.2012189402607953,0.9984814554032988,0.2115302280749442,0.9977698098900503,0.01031128781414893,0.8323022381098533,0.20812532570507386,0.9978628127125119,0.0,0.6882446993163376,0.9987716333568035,0.6882087577085634,0.9988949430392314,0.675304819140468,0.9986200870208884,0.49999999999999994,0.0,0.49999999999999994,0.0,0.09090909090909091,0.0,0.09090909090909091,0,1.0909090909090904,0.0
0.0,0.0,0,0.018380765766258376,0.0,0.013596154592683598,0.7860343028399139,0.009791407479420018,0.8996027129333742,0.01777870899878611,0.8695988974946889,0.7411677697570457,0.8291907538801325,0.5334581709318218,0.9110079137253485,0.9690730975195587,0.8931656947528689,0.19820939034820825,0.997528635558059,0.2084623718122471,0.996838649602095,0.01025298146403885,0.8262356984530969,0.2051015862148904,0.9966064034285714,0.0,0.6800757130650836,0.9981343708437895,0.6800931118338378,0.998416929956008,0.667400743191524,0.9978564456239805,0.5022727272727272,0.0,0.49772727272727263,0.0,0.09090909090909091,0.0,0.09090909090909091,0,1.0909090909090904,0.0
0.0,0.0,0,0.018400017868260746,0.0,0.013474207897427728,0.8388807404598987,0.010714204981588402,0.8541007540606737,0.018222612310721018,0.8516126306667386,0.7327535596424947,0.8841037390095505,0.5809497879951139,0.8784218045701009,0.9899936760727013,0.8909796168914403,0.1931490322567159,0.9981638592500314,0.20330125516464012,0.9974706169094945,0.010152222907924209,0.7798951175624521,0.19982168727596045,0.997617986724199,0.0,0.6656551964954794,0.9982883845769615,0.6655776296203275,0.9985103179331635,0.6519999487025766,0.9983086413066371,0.5033636363636362,0.0,0.49663636363636365,0.0,0.09090909090909091,0.0,0.09090909090909091,0,1.0909090909090904,0.0
0.0,0.0,0,0.01839823121006352,0.0,0.013753952597959767,0.7152995119367863,0.00636401649087649,0.9645025787310356,0.016393073046812336,0.8145859647222372,0.7476392381134139,0.7681867879903951,0.3468221026148339,0.9683444968014105,0.8915289270963815,0.8539708967484517,0.2297356405045618,0.9990757919248835,0.2397222053090911,0.9983536659667803,0.009986564804529363,0.8529753926147714,0.23896967968728713,0.0,0.25,0.7298136790281848,0.9995402576925622,0.7297957984037338,0.9996033177227317,0.7212819927751175,0.9995064087247015,0.5033636363636363,0.0,0.49627272727272725,0.0,0.09127272727272727,0.6663293152671107,0.09090909090909091,0,1.0895454545454542,0.5707001339741721
0.0,0.0,0,0.018396295824365232,0.0,0.013432155520172377,0.8500281042565611,0.011204498960219737,0.8386904379329227,0.018472657614186906,0.8581596586566526,0.7308353166401758,0.8895752586253587,0.6092371977834486,0.8595371162745911,1.0048800612584496,0.8888152761980416,0.1908785005819845,0.9959053121257527,0.201223751372072,0.9936744841033418,0.010345250790087463,0.7808821486817478,0.19786199561740614,0.9941075303760672,0.0,0.6576627018480635,0.9961315062557546,0.6576403949306753,0.996608123153213,0.6429477125665068,0.9956617138180263,0.5052727272727272,0.0,0.4947272727272726,0.0,0.09090909090909091,0.0,0.09090909090909091,0,1.0909090909090904,0.0
0.0,0.0,0,0.01840117106641986,0.06603810624251505,0.013683731941073274,0.7685690540239637,0.00984779454064806,0.8918112862361358,0.01808905966548427,0.8168722911288041,0.7458862884163059,0.8456124260533077,0.5360964604461224,0.9100617932561821,0.9857403870644232,0.869366288131819,0.1953054984478729,0.9985339492304285,0.20525631818045964,0.998095606127132,0.009950819732586672,0.7528978232197314,0.2025086278509007,0.0,0.0,0.6970590457761957,0.9987405200791972,0.6971456139374834,0.9988726161030769,0.6839445499905537,0.9985952204709719,0.4962727272727272,0.0,0.5037272727272726,0.0,0.09090909090909091,0.0,0.09090909090909091,0,1.0909090909090904,0.0
0.0,0.0,0,0.01835393751939303,0.0,0.01322989562101638,0.7265939205738804,0.010643548780439374,0.8778060385034331,0.01824131623463697,0.8014601575523417,0.7212096016730026,0.7883883924004164,0.5813298929880482,0.8914938465519626,0.9950570802453078,0.8420735886186785,0.23466177202660377,0.9976434331611351,0.24537633815398927,0.9970162000400619,0.010714566127385472,0.7100482659745625,0.24291842292425128,0.0,0.0,0.6532892323163717,0.997811767679503,0.6530876740243245,0.9980291273237163,0.6392068733102717,0.9975305205004602,0.5072727272727272,0.07764896902536274,0.4927272727272726,0.07764896902536274,0.09090909090909091,0.0,0.09090909090909091,0,1.0909090909090904,0.0
0.0,0.0,0,0.01846879915437845,0.0,0.012282774528668251,0.802047193486071,0.010684225309394222,0.8647646765001472,0.017166579676423467,0.8726421010188543,0.6655548394762916,0.8482084770140882,0.5788496542912076,0.8833126553407112,0.9301246217095167,0.9034701113939588,0.19460867381207766,0.9973995438324095,0.20454961748465902,0.9969223010585736,0.009940943672581373,0.8430125355816737,0.20165616012300028,0.9970680460019135,0.0,0.6851890965638702,0.997761456847629,0.68520190973949,0.9980359397473625,0.6714761879549561,0.9976846545944741,0.5033636363636362,0.0,0.49663636363636354,0.0,0.09090909090909091,0.0,0.09090909090909091,0,1.0909090909090904,0.0
0.0,0.0,0,0.018406544022954545,0.0,0.012576976149870881,0.7579045658885337,0.010248946060010578,0.8856983636943555,0.017139193911906977,0.8761629565437178,0.684648565000036,0.7966414871785612,0.5578827511185613,0.8928561507399181,0.9330498145700704,0.8963595659788043,0.20651612405293907,0.9984161837187887,0.21708374630161342,0.9973393513754234,0.010567622248674347,0.8361699856168792,0.21350892401987834,0.9977131921500657,0.0,0.6867752184787643,0.9983952409323148,0.6867168443172689,0.9985596177339663,0.6733401503825109,0.9982550085155295,0.5025454545454545,0.0,0.49745454545454537,0.0,0.09090909090909091,0.0,0.09090909090909091,0,1.0909090909090904,0.0
0.0,0.0,0,0.018437398951667176,0.0,0.012286543233782225,0.8350511593758086,0.009643773485372315,0.8809392358290151,0.016516015348092977,0.876326117700867,0.6671063967933726,0.8742798750654461,0.5237355351209958,0.893230761823948,0.8968180745445471,0.9013669019721122,0.18899194016236953,0.9987032804347432,0.19862561272324997,0.9983032130326718,0.009633672560880427,0.8899779980381181,0.19562517604760138,0.9983885488695106,0.0,0.6974346291655457,0.9985464984022095,0.6975520727398077,0.9988023735158001,0.6850248336009004,0.9984532909663169,0.500090909090909,0.0,0.4999090909090908,0.0,0.09090909090909091,0.0,0.09090909090909091,0,1.0909090909090904,0.0
0.0,0.0,0,0.01844621273146914,0.0,0.012302635061619192,0.7814577382994216,0.00983477435475378,0.8867547948750352,0.01670634462469007,0.8668269993440334,0.6671230276036663,0.8220879356310216,0.5328671462906898,0.9012742000517551,0.9056436329252431,0.8970472957927866,0.19007271500214384,0.9977567387026304,0.19938971595164054,0.9967298320364452,0.009317000949496716,0.7758305921151611,0.19651998681103788,0.9969843711446915,0.0,0.6993813959869978,0.9979138096011843,0.6993583901766808,0.9982248460885733,0.6867019356821347,0.9977029735145967,0.5035454545454545,0.07045397690068585,0.49645454545454537,0.07045397690068585,0.09090909090909091,0.0,0.09090909090909091,0,1.0909090909090904,0.0
0.0,0.0,0,0.01839557485554854,0.0,0.013678359790711265,0.7983768618317716,0.011458175350466405,0.7971906696275433,0.018934488829510387,0.8048305379527823,0.7439164285647473,0.8569854062479312,0.6228511496478335,0.8243694476039165,1.029613069008146,0.8534319088627705,0.18770688480432351,0.9974761655443017,0.19794156045100827,0.9962481479475466,0.01023467564668476,0.598834714473993,0.1942510455571176,0.9968438498618858,0.0,0.6812098828694179,0.995131933536743,0.6814822185972942,0.9958842249062688,0.6666375500254998,0.9949891133618586,0.48763636363636365,0.0,0.5123636363636362,0.0,0.09090909090909091,0.0,0.09090909090909091,0,1.0909090909090904,0.0
0.0,0.0,0,0.0183598527537273,0.0,0.013357799320371897,0.8006569896549856,0.010757671688259123,0.8548327285201032,0.01810691656110793,0.8571249887161709,0.7279803959306534,0.8552958409311112,0.5855995171976501,0.8705709196170117,0.9864086809157906,0.8912759813922138,0.1945175672439905,0.997258107807206,0.20517721496867353,0.996228565238585,0.010659647724683047,0.8017553064086128,0.201670534444145,0.9963065229558214,0.0,0.6716034907993639,0.9983272129845275,0.671593032168299,0.9985468474486509,0.6578530678819199,0.9982869041386073,0.505090909090909,0.0,0.4949090909090908,0.0,0.09090909090909091,0.0,0.09090909090909091,0,1.0909090909090904,0.0
0.0,0.0,0,0.018428659951226042,0.06572143686772944,0.011651236579911945,0.7940615645705824,0.008711328410066728,0.9003834335337341,0.015396680904776179,0.8855480691111952,0.6329157462879681,0.8346756094772125,0.4736928736781238,0.91348500003009,0.8367018772831443,0.9111208844114654,0.18866757512790047,0.9991573898547844,0.19777176763889834,0.998885025305867,0.009104192510997823,0.9095556277720606,0.1950277849350838,0.9989690612456142,0.0,0.7096157890832767,0.9991114601575521,0.7096633634364239,0.9992563625749996,0.6983466736479903,0.999076483296924,0.4941818181818181,0.06271931933558396,0.5058181818181818,0.06271931933558396,0.09090909090909091,0.0,0.09090909090909091,0,1.0909090909090904,0.0
0.0,0.0,0,0.018404359908351296,0.0,0.012515567115458839,0.8257121450107421,0.008743594398489579,0.9284459248827984,0.016276481675761036,0.8930923829641264,0.6808033543796518,0.857440887781569,0.4749394959276344,0.9337819663350725,0.8849205973378426,0.9089831073558527,0.20079315309384324,0.9989824574073071,0.2109969181804505,0.9984173752911227,0.010203765086607256,0.9253083103143223,0.20746120311217844,0.9984970902766492,0.0,0.6915578084731397,0.9990194442939933,0.6916310315526364,0.9991534179470049,0.6800445387439575,0.9988389872838769,0.48881818181818176,0.0,0.5111818181818182,0.0,0.09090909090909091,0.0,0.09090909090909091,0,1.0909090909090904,0.0
0.0,0.0,0,0.018399433395224905,0.0,0.0138054746312984,0.7269388506743215,0.009672721121051981,0.8923000956868692,0.01823191663510635,0.759167295552065,0.7510412412103599,0.7720344833811766,0.5258412039350387,0.9024922156625562,0.991686563627714,0.7938298940222788,0.20732770626777783,0.9983687686626934,0.21723114426905976,0.99765937409638,0.009903438001281942,0.6909627773832139,0.215522193050868,0.0,0.0,0.7033245686967625,0.998580620700861,0.7034108928296682,0.9988034086190398,0.6907569882495943,0.9984738245259285,0.4959090909090908,0.0,0.504090909090909,0.0,0.09090909090909091,0.0,0.09090909090909091,0,1.0909090909090904,0.0
0.0,0.0,0,0.018439503883826255,0.0,0.012880394939898728,0.7209593962700175,0.011351235442348763,0.8166924359228968,0.01814310011616283,0.7727946704219247,0.6989714276023894,0.7781846214952426,0.6146918699424869,0.838763653432992,0.9837941588215037,0.82354572207478,0.21949051049421017,0.9985189959498575,0.23003579308631175,0.9978856090559496,0.010545282592101558,0.6791870949105417,0.22666009908127904,0.9979746760788843,0.0,0.652339432030901,0.9976051923667152,0.6522204548327742,0.9979277834949175,0.6377472197047142,0.9976076718000564,0.49627272727272725,0.0,0.5037272727272726,0.0,0.09090909090909091,0.0,0.09090909090909091,0,1.0909090909090904,0.0
0.0,0.0,0,0.018423720567535454,0.0,0.012887799899692553,0.7217323776682493,0.010343749892178362,0.8730731613376903,0.01752074865620502,0.8145691864208897,0.7002972349089213,0.782078415088435,0.5620715650378026,0.8862189724794934,0.9520993634080168,0.8523332430627019,0.21554747116032627,0.9983232984266402,0.2261767626578801,0.9977427668532866,0.010629291497553804,0.7983692832426094,0.22309106340087556,0.9977979095328317,0.0,0.6610736418491496,0.998066547509433,0.6610539786139173,0.9983264426751398,0.6474247526966994,0.997882238952379,0.4994545454545454,0.0,0.5005454545454545,0.0,0.09090909090909091,0.0,0.09090909090909091,0,1.0909090909090904,0.0
0.0,0.0,0,0.018418914653838533,0.0,0.012912269396209344,0.80954799689469,0.009679833124262889,0.8489207604397985,0.0170473897402385,0.870291213056744,0.7023777677546452,0.8591109426059325,0.5275784183388846,0.8675641613557443,0.9279294492197921,0.8995496097299703,0.2174990769250984,0.9989456269897149,0.22860750342006497,0.9985460410310109,0.011108426494966572,0.8885244723681596,0.22516755855809253,0.9985003761276304,0.0,0.6473815410755919,0.9989914603982738,0.6471814020653294,0.9991394440532716,0.6345552085626641,0.9987071079095124,0.5065454545454545,0.0,0.49345454545454537,0.0,0.09090909090909091,0.0,0.09090909090909091,0,1.0909090909090904,0.0
0.0,0.0,0,0.01846593125620845,0.0,0.013294017605470273,0.7450457070296748,0.009799359006964674,0.9104566731059716,0.01761509120517091,0.8494503962880716,0.7221744796329581,0.7939185277461829,0.53220948106272,0.9239757954347132,0.956906037099284,0.8834344003321957,0.2052575295241207,0.9985569580783584,0.2154603242252875,0.9981846929175645,0.010202794701166749,0.8135332053508862,0.2122732863434472,0.0,0.0,0.6925452806986956,0.9985862535882575,0.6926126418255331,0.9987328290214059,0.6796710292210103,0.9984666149115046,0.4937272727272726,0.0,0.5062727272727272,0.0,0.09090909090909091,0.0,0.09090909090909091,0,1.0909090909090904,0.0
0.0,0.0,0,0.01842173457563809,0.0,0.013106223763591515,0.723913990142447,0.008801133837915816,0.9111081983787394,0.01691560030583775,0.8346096156276515,0.7113767128258467,0.7799710532175461,0.4789870144516609,0.9199247744738726,0.9187342184722286,0.8659742187076854,0.24703052578748305,0.9991391902014686,0.25789578412205666,0.9987690122692094,0.010865258334573651,0.8441368183780482,0.25483451935144363,0.0,0.0,0.671442148203507,0.9993264005488453,0.6714719322979861,0.9993866531862521,0.6598651373915733,0.9992467216715712,0.5014545454545454,0.0,0.4985454545454545,0.0,0.09090909090909091,0.0,0.09090909090909091,0,1.0909090909090904,0.0
0.0,0.0,0,0.018449738678308302,0.0,0.013746431476274891,0.7858108890453579,0.010648107601839929,0.880847340326298,0.01849619450220599,0.8308803553052049,0.7444405213097632,0.8262375802656362,0.5770713460661614,0.8932322061540496,1.0018822287356837,0.8642104870401461,0.1898706907485182,0.9987202107915866,0.19971735131107848,0.9983258941006118,0.009846660562560292,0.7292951492480089,0.196243627337011,0.9984215142269507,0.0,0.7008588434705181,0.9978681326617196,0.7007305550650755,0.998128605559467,0.6871423398344243,0.9979698014647912,0.5065454545454545,0.0,0.49345454545454537,0.0,0.09090909090909091,0.0,0.09090909090909091,0,1.0909090909090904,0.0
0.0,0.0,0,0.018481505978024882,0.0,0.01372615917997887,0.757150481142465,0.0101343287543393,0.8645026509475405,0.018338519078145345,0.801059271696546,0.7451240914420318,0.8137443656080928,0.5508452754879719,0.877272202061781,0.9957891475747185,0.8430401945031202,0.2137440459669449,0.9981542547764171,0.22409201216481267,0.9977754059816935,0.01034796619786775,0.7649376379021058,0.22249376114028083,0.0,0.0,0.6788721688761818,0.9982188039743148,0.6789561788409744,0.9985011103287655,0.665626215045777,0.9981023668959539,0.49545454545454537,0.0,0.5045454545454545,0.0,0.09090909090909091,0.0,0.09090909090909091,0,1.0909090909090904,0.0
0.0,0.0,0,0.018420280602345726,0.0,0.012345492630309738,0.7843335560008905,0.006990985805893339,0.9406225905263981,0.015107008935546022,0.874908459561766,0.6700675031348555,0.8237740586277659,0.3791835015569903,0.9453998928788506,0.8197856938891193,0.8919802487858599,0.18558786317350542,0.9993852449644031,0.19509145779230938,0.9993082019895646,0.009503594618804028,0.9473354035398123,0.19169231209808613,0.9993055179427923,0.0,0.7279157405706287,0.9993341036427207,0.728038870350875,0.9994900190771934,0.7185829206900446,0.9992670867260045,0.4917272727272726,0.0,0.5082727272727272,0.0,0.09090909090909091,0.0,0.09090909090909091,0,1.0909090909090904,0.0
0.0,0.0,0,0.018393672820948507,0.0,0.013399252838363275,0.7051152033797323,0.009985050537868686,0.8669027424217804,0.017904492376826998,0.775446027189514,0.7282019507379512,0.7771045755174011,0.5436922148991903,0.8808431638050874,0.9735607133250382,0.8222320797751658,0.20224255426484294,0.9985415647679747,0.21220659671026637,0.99808002671692,0.009964042445423428,0.693597869480334,0.20990708709687936,0.0,0.0,0.6892980033313054,0.9982882762522038,0.6892779875398588,0.9985358223955417,0.6762178215400324,0.9982404689258395,0.5009090909090909,0.0,0.49909090909090903,0.0,0.09090909090909091,0.0,0.09090909090909091,0,1.0909090909090904,0.0
0.0,0.0,0,0.01846784423019652,0.06400149247443836,0.013914327965818575,0.6529360583027917,0.0071581649783230734,0.9503464947913844,0.017015733225731498,0.7410661924449499,0.7543118645483637,0.6951969404274013,0.3886469903182082,0.9547757256254248,0.9227834112225216,0.7836683216282413,0.22546913046910927,0.9996136565807804,0.2354738117543306,0.9993791451591105,0.010004681285221287,0.7906153591264553,0.2334946686224235,0.0,0.0,0.7345978590472126,0.9995006228673562,0.7346183190513773,0.9995562536484377,0.7251525529580256,0.9993998086262614,0.4984545454545454,0.0,0.5015454545454545,0.0,0.09090909090909091,0.0,0.09090909090909091,0,1.0909090909090904,0.0
0.0,0.0,0,0.018376382122803393,0.07998744636419985,0.01298086603802039,0.6948442711248322,0.009930238522849164,0.8734778385600027,0.017500827262454426,0.7677447868710393,0.7069527151973943,0.7584709358657253,0.5420125693583892,0.8871799454765386,0.9537203263873435,0.813033574656821,0.2494157733959718,0.9987501606895888,0.26017804242061643,0.9983015580298606,0.010762269024644692,0.7242441188599659,0.25775961646927614,0.0,0.0,0.6491793533672978,0.9986031763226151,0.6491213782573433,0.9987974507573704,0.6361323316402994,0.9984618004778324,0.49781818181818177,0.0,0.5021818181818182,0.0,0.09090909090909091,0.0,0.09090909090909091,0,1.0909090909090904,0.0
0.0,0.0,0,0.01841249223848965,0.0,0.013346909690718977,0.8045793569120222,0.01091349495279004,0.864983396221873,0.018242176914005377,0.8486851781641359,0.725146378684249,0.8509438697214247,0.5936626868730389,0.8804456480528623,0.9915347092650333,0.8803897765500971,0.19770434437341067,0.9985366167770975,0.20806407256053303,0.9978396432504646,0.010359728187122389,0.7576461872694337,0.20482436043520366,0.9974838325299246,0.0,0.6723441769906785,0.9982132433034234,0.6723677798962988,0.9984236340548964,0.6581236564841816,0.9980182587397015,0.500090909090909,0.10802113550635965,0.4999090909090908,0.10802113550635965,0.09090909090909091,0.0,0.09090909090909091,0,1.0909090909090904,0.0
0.0,0.0,0,0.018438194314243584,0.0,0.01297780981524372,0.7186086045965805,0.010934917625364193,0.8339076952704206,0.01795013674268023,0.7955220832054498,0.7042980762110549,0.7764862337287185,0.5928131519659121,0.8570694181155102,0.9738358551695344,0.8430500400199799,0.22588980654192767,0.9986978040164411,0.23666149577941425,0.9982993253774816,0.010771689237486592,0.7290901442524688,0.23322385993885167,0.9983559310813819,0.0,0.6519330837003804,0.9979764213110905,0.6520694454242293,0.9982071289726598,0.6377840831127256,0.9979918876792623,0.4895454545454545,0.0,0.5104545454545454,0.0,0.09090909090909091,0.0,0.09090909090909091,0,1.0909090909090904,0.0
0.0,0.0,0,0.018381287388819154,0.0,0.01293867526972563,0.7210367281108763,0.010001922892565226,0.8720970108384937,0.017510877178892954,0.8279344514855536,0.7046640996640524,0.782122984708155,0.5448716053612144,0.886651886355293,0.9537389989728017,0.8628038298819861,0.23031383204739697,0.9980778201277557,0.241094993537218,0.997271958707266,0.010781161489821096,0.799558676804847,0.23841987652373348,0.0,0.0,0.6496320572733943,0.9981268242190084,0.649554007640938,0.9984268356532885,0.6364267030603693,0.9979967382211867,0.4981818181818181,0.0,0.5018181818181817,0.0,0.09090909090909091,0.0,0.09090909090909091,0,1.0909090909090904,0.0
0.0,0.0,0,0.018398215187899306,0.0,0.012727341718790195,0.708315694451967,0.009016514830991692,0.9139392177748888,0.01661116265665064,0.8241383427515692,0.692669089941768,0.7613321778692519,0.49216756457107397,0.9222863384426508,0.9047951861593703,0.8567064098166302,0.2270620077684298,0.9991905974110381,0.2376996463755815,0.9987392201821057,0.0106376386071517,0.811999735206148,0.23401737942333034,0.9988241347559983,0.0,0.6790479950682083,0.9991745653469098,0.6791305823699575,0.9992901237911257,0.6671843735327143,0.9990392075442173,0.49881818181818177,0.0,0.5011818181818182,0.0,0.09090909090909091,0.0,0.09090909090909091,0,1.0909090909090904,0.0
0.0,0.0,0,0.01845518455763078,0.0,0.013330910744132568,0.7668066463256843,0.009565334712999057,0.9005393971125432,0.017425204309930352,0.8743342300216047,0.7243460629537192,0.803084824303261,0.5187891126280672,0.9121389565918622,0.9462876177497053,0.8982461258854042,0.1885089400971958,0.9982892143512646,0.19810683229398288,0.9976870544593753,0.009597892196787089,0.8362248745096876,0.19473179884536712,0.9977733778545901,0.0,0.7180031747803588,0.9986526687007647,0.7178382270342137,0.9988370735464924,0.7055197275117174,0.9986296316356436,0.5061818181818182,0.0,0.49381818181818177,0.0,0.09090909090909091,0.0,0.09090909090909091,0,1.0909090909090904,0.0
0.0,0.0,0,0.018436892506972485,0.0,0.012634620850477856,0.7890881221903265,0.011010410181513431,0.825778800844933,0.017648368911976093,0.8406748150956568,0.6861720772189571,0.8401552654859267,0.5973124783895071,0.851344996298904,0.9580376224910958,0.8843943984064223,0.18741551758244693,0.99639824995336,0.1974332822432411,0.9955386207851136,0.010017764660794163,0.8100486739244254,0.19416048481203563,0.9958188930413377,0.0,0.6902815585333394,0.9974229540161402,0.6903370443258209,0.9976303959269891,0.6762834140345685,0.9975863318228045,0.505090909090909,0.0,0.49490909090909085,0.0,0.09090909090909091,0.0,0.09090909090909091,0,1.0909090909090904,0.0
0.0,0.0,0,0.018404436715052354,0.0,0.01320453661039908,0.7944487052182441,0.011285735230968106,0.8364216601370908,0.018292052403237436,0.8493933572851406,0.7179167938516539,0.8440218454927872,0.6125763486530179,0.8512132493214657,0.9939210791186265,0.8820143710845113,0.19915261856197378,0.9958006704098885,0.20989271001412493,0.994091967719222,0.010740091452151183,0.7961032214579308,0.20637442991524818,0.9946412344207934,0.0,0.6557060330323812,0.9942879994222679,0.6558320434458231,0.9954154555356959,0.641206123193718,0.9936131602544427,0.4965454545454545,0.0,0.5034545454545454,0.0,0.09090909090909091,0.0,0.09090909090909091,0,1.0909090909090904,0.0
0.0,0.0,0,0.018480626309776014,0.0,0.013105832014764413,0.674535906648131,0.008786013902153403,0.8980031775262235,0.017034817649914828,0.7455171243387675,0.7084567842505257,0.7394227855109617,0.4745728297272457,0.9060760319437672,0.9205629539212545,0.7906396817659342,0.2280271058573364,0.9990785749592721,0.23818640535940064,0.9987022448627871,0.01015929950206423,0.7046363099866335,0.2363460213787446,0.0,0.0,0.7011178374664535,0.9990340922084409,0.7010949683562926,0.9991724469960941,0.6896425960394413,0.9989132739954381,0.5033636363636362,0.0,0.49663636363636354,0.0,0.09090909090909091,0.0,0.09090909090909091,0,1.0909090909090904,0.0
0.0,0.0,0,0.01858273529595872,-0.0697489393200816,0.01316547388198289,0.7317406584941654,0.008573476490845668,0.926835388494707,0.016946061895097054,0.8035020551613736,0.7088597495219985,0.7811800538012962,0.4619960277955661,0.9333120535365024,0.9125466589446333,0.8414269740682565,0.20859828288366267,0.9989973516752411,0.2182644294229434,0.998665796029152,0.009666146539280756,0.7851779609593302,0.21600764202911799,0.0,0.0,0.7216172050912769,0.9990826216998561,0.721732763818228,0.9991956044220572,0.7103918476144044,0.9989561946716254,0.4966363636363635,0.0,0.5033636363636362,0.0,0.09090909090909091,0.0,0.09090909090909091,0,1.0909090909090904,0.0
0.0,0.0,0,0.018438204170460045,0.0743640193299512,0.013252089323937448,0.7361186998621867,0.009041064428536066,0.9114941113458146,0.01722261916297097,0.8232741639435025,0.719603549009609,0.7846508632881377,0.49098922895693314,0.9219453682139053,0.9351698021742471,0.8560272376585,0.22923906065710548,0.9992262271970529,0.239650967129211,0.9989703629594593,0.010411906472105463,0.7755040432283131,0.2370727427530855,0.0,0.0,0.6937670944670656,0.999078144276541,0.6938719251079641,0.9991873476683093,0.6819555085690177,0.9990380039357993,0.4975454545454545,0.0,0.5024545454545454,0.0,0.09090909090909091,0.0,0.09090909090909091,0,1.0909090909090904,0.0
0.0,0.0,0,0.01844855363899148,0.0,0.013033151654041845,0.7006210258354546,0.010349744176330049,0.8268844957181628,0.017769432747177447,0.701409329168848,0.705794873717697,0.7640385034332929,0.5617514731982114,0.8411613858347323,0.9629285179064072,0.7458307606203397,0.2177447134353098,0.9983396462513686,0.22779325701551767,0.9978463319230139,0.010048543580207868,0.726054993075016,0.22601654778634195,0.0,0.0,0.6659257113823885,0.9983817244097802,0.6660257242518803,0.9985806447730292,0.6523661769404066,0.9981839113662758,0.49827272727272726,0.0,0.5017272727272727,0.0,0.09090909090909091,0.0,0.09090909090909091,0,1.0909090909090904,0.0
0.0,0.0,0,0.018394902984624473,0.0,0.012290519920377399,0.7729940361202885,0.010092070893262495,0.8713487635932523,0.016767830707859584,0.8699070934662115,0.668853594621743,0.8096624720913297,0.5486200668424747,0.8855181233337545,0.9121987841323793,0.8944630161223347,0.18545164717767257,0.9982098611637688,0.195031398209043,0.997798419662147,0.00957975103137046,0.8674694253371605,0.1922348085196194,0.9978387405441512,0.0,0.6948838881509245,0.9984771705573307,0.6949299128085722,0.9986428231839052,0.6817972720982162,0.9983390925996136,0.501090909090909,0.0,0.4989090909090908,0.0,0.09090909090909091,0.0,0.09090909090909091,0,1.0909090909090904,0.0
0.0,0.0,0,0.01840586025873105,0.07614161656646624,0.01254692860519377,0.8034129881384389,0.009469977391257309,0.891599968706181,0.016607954734695694,0.8725466307991355,0.6821335311210643,0.8344525086208452,0.5160757682373366,0.9012562301780738,0.903603479433227,0.8959305758664474,0.21625597797568727,0.998793490885675,0.22658447379327232,0.9984013311909101,0.010328495817585022,0.8737597477236754,0.22363532374740272,0.998358073504366,0.0,0.6551086955878054,0.9989990070230548,0.6552227188073764,0.9991051532494417,0.6427376375683084,0.9989173301558071,0.495090909090909,0.06835040509589049,0.5049090909090909,0.06835040509589049,0.09090909090909091,0.0,0.09090909090909091,0,1.0909090909090904,0.0
0.0,0.0,0,0.018445817368386175,0.0,0.013332332439640722,0.7974076320809785,0.008742343971201712,0.9134920411393356,0.016965174245156985,0.8705029277774766,0.7214039052744012,0.8326642835219988,0.4735958863600383,0.9201149446039225,0.9182899471304979,0.8897831458713221,0.19107011672919114,0.998886776462302,0.2008464802249138,0.9983754613246187,0.009776363495722654,0.8782706839418737,0.19765091962165332,0.9981399212936718,0.0,0.7009043439105889,0.9990387983173552,0.700944700450507,0.9991878291116766,0.6894341118590883,0.998993133413975,0.4961818181818181,0.0,0.5038181818181817,0.0,0.09090909090909091,0.0,0.09090909090909091,0,1.0909090909090904,0.0
0.0,0.0,0,0.018466724976711434,0.0,0.012538262373684066,0.8211181522203566,0.009742976031435247,0.8941346236015574,0.01682906686641285,0.8807054228577273,0.6801543795244952,0.8619665998663992,0.5280147822066834,0.906564600672817,0.9125258345664233,0.9083850463690141,0.1900406087272978,0.9975237562211509,0.19968401522246704,0.9964524364043401,0.00964340649516924,0.8535690961502583,0.1965514350675682,0.996518767264258,0.0,0.6882070719887242,0.9980578333844865,0.6882153393722736,0.9982880355305204,0.6755235718788735,0.9981929143572429,0.49909090909090903,0.0,0.5009090909090909,0.0,0.09090909090909091,0.0,0.09090909090909091,0,1.0909090909090904,0.0
0.0,0.0,0,0.01845097781323259,0.0,0.013416408978510883,0.766411658151137,0.010993578097812023,0.8165177803053553,0.018345459130515815,0.8277123616602573,0.7283862837259993,0.8263739129911474,0.5965397342872111,0.8435459748325478,0.9957791364757885,0.8713585970740279,0.1996085292711742,0.9980811954238806,0.21019838634943067,0.9974355317241087,0.010589857078256461,0.7836400970108384,0.20676997352911725,0.9976092966714207,0.0,0.6714413093373962,0.9981101301702502,0.6713651701826827,0.9983293794796799,0.6571307280946995,0.9980993939831613,0.5039999999999999,0.10837720500261651,0.49599999999999994,0.10837720500261651,0.09090909090909091,0.0,0.09090909090909091,0,1.0909090909090904,0.0
0.0,0.0,0,0.018417222925885247,0.0,0.013237762106516929,0.6993879771555122,0.010501524628097862,0.8494867452622963,0.017989839851570384,0.7936575734050683,0.7200687184413475,0.7568283955297983,0.5702421069069534,0.8688740604331785,0.9780150052208172,0.8337841569023933,0.21916889993195002,0.9987156103967343,0.2298272577687916,0.9982848506929182,0.010658357836841553,0.7372970420918905,0.22659947911697198,0.9983048349660022,0.0,0.6510185620699355,0.9983202802000396,0.6510436940417867,0.9985136760006498,0.6371228440729528,0.9981619816208993,0.495090909090909,0.0,0.5049090909090909,0.0,0.09090909090909091,0.0,0.09090909090909091,0,1.0909090909090904,0.0
0.0,0.0,0,0.01845526979343378,0.0,0.012111808409392381,0.7493069261646415,0.009795307196094243,0.869961917829653,0.016435776749554275,0.8545098605619647,0.6573659593977521,0.7990343931105452,0.5323224848046636,0.8844263903181737,0.8924968101469003,0.8830904692267417,0.19452499313920124,0.9982658530273758,0.2042764332372913,0.9976478843573032,0.00975144009809009,0.8496376536857497,0.2014192640552587,0.9977856012324948,0.0,0.6971267729352706,0.998599986760307,0.6970969571079585,0.9988049973821514,0.6844221380857506,0.9985876618101065,0.5005454545454545,0.0,0.4994545454545454,0.0,0.09090909090909091,0.0,0.09090909090909091,0,1.0909090909090904,0.0
0.0,0.0,0,0.018463916347669772,0.10387333225008574,0.013127862778050382,0.7723216041692995,0.010060677797504077,0.8834397924979085,0.017583129989251284,0.8447440105436095,0.7134216316355795,0.8094105087050978,0.5451891624903329,0.8951388663212309,0.9547454513254299,0.8691230509066179,0.1979101515559565,0.9977550055065084,0.20825389442958395,0.996446033207556,0.01034374287362743,0.7952368400464591,0.20480508788623752,0.9965570781202041,0.0,0.6873287204068822,0.9987436735332526,0.6873912433246043,0.998918533764225,0.674286930528912,0.9986198583352891,0.4995454545454545,0.0,0.5004545454545454,0.0,0.09090909090909091,0.0,0.09090909090909091,0,1.0909090909090904,0.0
0.0,0.0,0,0.01842245173326875,0.0,0.012121994622896036,0.8161778451798491,0.010083174097140012,0.8728927283997423,0.016683851467193946,0.8760154784042559,0.6577538295063802,0.8548162029765236,0.5463997103985642,0.8826287168932458,0.9048663871174522,0.9015286789795807,0.18344550867738518,0.9981095524382095,0.1928285691090955,0.9971683908357254,0.009383060431710277,0.8220843007335993,0.18976868772712532,0.9973955959967983,0.0,0.6984152997267281,0.9979810431674156,0.6983581465484628,0.998239169028748,0.6852290533418742,0.9978174487112361,0.5031818181818182,0.0,0.49681818181818177,0.0,0.09090909090909091,0.0,0.09090909090909091,0,1.0909090909090904,0.0
0.0,0.0,0,0.018449338166942095,0.0,0.012813472758823835,0.7528408769490933,0.011674227994937716,0.800285736638442,0.018272564313324077,0.8078160404893869,0.6949808824736372,0.800904186751882,0.6321132805700613,0.8239919237875147,0.9904299070616646,0.8469335909055348,0.20566757747822223,0.9966181612474195,0.21612540456314047,0.9956850758574205,0.010457827084918289,0.6728409973099351,0.21284190720225366,0.9962173235359607,0.0,0.6573918321606426,0.9959081887498721,0.6572211191859119,0.9964339730512074,0.6423356563981847,0.9954367353325267,0.51,0.0,0.48999999999999994,0.0,0.09090909090909091,0.0,0.09090909090909091,0,1.0909090909090904,0.0
